# relative_time, cycles_done, cur_item, corpus_count, pending_total, pending_favs, map_size, saved_crashes, saved_hangs, max_
depth, execs_per_sec, total_execs, edges_found
64, 0, 731, 1696, 1696, 272, 0.65%, 0, 0, 2, 13.51, 20679, 54518
70, 0, 731, 1699, 1699, 272, 0.65%, 0, 0, 2, 13.04, 20752, 54520
76, 0, 731, 1700, 1700, 272, 0.65%, 0, 0, 2, 13.17, 20820, 54521
81, 0, 731, 1701, 1701, 272, 0.65%, 0, 0, 2, 13.20, 20884, 54521
86, 0, 731, 1703, 1703, 272, 0.65%, 0, 0, 2, 13.45, 20954, 54521
91, 0, 731, 1704, 1704, 272, 0.65%, 0, 0, 2, 13.46, 21023, 54521
96, 0, 731, 1705, 1705, 272, 0.65%, 0, 0, 2, 13.41, 21088, 54521
102, 0, 731, 1709, 1709, 272, 0.65%, 0, 0, 2, 13.26, 21166, 54526
108, 0, 731, 1711, 1711, 272, 0.65%, 0, 0, 2, 13.19, 21233, 54528
113, 0, 731, 1713, 1713, 272, 0.65%, 0, 0, 2, 13.24, 21299, 54529
118, 0, 731, 1715, 1715, 272, 0.65%, 0, 0, 2, 13.29, 21366, 54530
123, 0, 731, 1717, 1717, 272, 0.65%, 0, 0, 2, 13.34, 21437, 54532
129, 0, 731, 1720, 1720, 272, 0.65%, 0, 0, 2, 13.27, 21511, 54535
134, 0, 731, 1722, 1722, 272, 0.65%, 0, 0, 2, 13.33, 21579, 54539
141, 0, 731, 1724, 1724, 272, 0.65%, 0, 0, 2, 13.43, 21659, 54539
146, 0, 731, 1728, 1728, 272, 0.65%, 0, 0, 2, 13.50, 21728, 54540
151, 0, 731, 1729, 1729, 272, 0.65%, 0, 0, 2, 14.80, 21805, 54540
156, 0, 731, 1731, 1731, 272, 0.65%, 0, 0, 2, 15.04, 21878, 54540
162, 0, 731, 1735, 1735, 272, 0.65%, 0, 0, 2, 14.74, 21957, 54545
167, 0, 731, 1738, 1738, 272, 0.65%, 0, 0, 2, 14.08, 22016, 54552
173, 0, 731, 1741, 1741, 272, 0.65%, 0, 0, 2, 14.65, 22094, 54560
178, 0, 731, 1744, 1744, 272, 0.65%, 0, 0, 2, 14.15, 22160, 54561
184, 0, 731, 1748, 1748, 272, 0.65%, 0, 0, 2, 13.79, 22234, 54564
190, 0, 731, 1752, 1752, 272, 0.65%, 0, 0, 2, 14.17, 22316, 54565
195, 0, 731, 1754, 1754, 272, 0.65%, 0, 0, 2, 14.05, 22385, 54566
200, 0, 731, 1756, 1756, 272, 0.65%, 0, 0, 2, 15.11, 22468, 54567
206, 0, 731, 1759, 1759, 272, 0.65%, 0, 0, 2, 15.11, 22548, 54571
211, 0, 731, 1760, 1760, 272, 0.65%, 0, 0, 2, 15.17, 22628, 54571
217, 0, 731, 1762, 1762, 272, 0.65%, 0, 0, 2, 15.57, 22702, 54574
222, 0, 731, 1766, 1766, 272, 0.65%, 0, 0, 2, 15.41, 22784, 54575
228, 0, 731, 1766, 1766, 272, 0.65%, 0, 0, 2, 15.26, 22864, 54575
233, 0, 731, 1768, 1768, 272, 0.65%, 0, 0, 2, 14.99, 22936, 54578
238, 0, 731, 1770, 1770, 272, 0.65%, 0, 0, 2, 13.80, 23008, 54580
244, 0, 731, 1774, 1774, 272, 0.65%, 0, 0, 2, 13.29, 23084, 54582
251, 0, 731, 1778, 1778, 272, 0.65%, 0, 0, 2, 13.08, 23163, 54584
256, 0, 731, 1781, 1781, 272, 0.65%, 0, 0, 2, 13.31, 23229, 54584
261, 0, 731, 1784, 1784, 272, 0.65%, 0, 0, 2, 13.14, 23296, 54586
266, 0, 731, 1786, 1786, 272, 0.65%, 0, 0, 2, 12.48, 23353, 54587
271, 0, 731, 1786, 1786, 272, 0.65%, 0, 0, 2, 12.60, 23419, 54587
277, 0, 731, 1787, 1787, 272, 0.65%, 0, 0, 2, 12.88, 23480, 54587
282, 0, 731, 1788, 1788, 272, 0.65%, 0, 0, 2, 13.44, 23551, 54587
287, 0, 731, 1789, 1789, 272, 0.65%, 0, 0, 2, 13.49, 23618, 54588
293, 0, 731, 1791, 1791, 272, 0.65%, 0, 0, 2, 13.38, 23694, 54589
298, 0, 731, 1791, 1791, 272, 0.65%, 0, 0, 2, 13.27, 23761, 54589
303, 0, 731, 1793, 1793, 272, 0.65%, 0, 0, 2, 13.34, 23828, 54590
308, 0, 731, 1795, 1795, 272, 0.65%, 0, 0, 2, 13.51, 23895, 54590
314, 0, 731, 1797, 1797, 272, 0.65%, 0, 0, 2, 13.16, 23969, 54590
319, 0, 731, 1800, 1800, 272, 0.65%, 0, 0, 2, 13.15, 24041, 54593
325, 0, 731, 1802, 1802, 272, 0.65%, 0, 0, 2, 13.30, 24112, 54596
330, 0, 731, 1803, 1803, 272, 0.65%, 0, 0, 2, 13.36, 24187, 54599
336, 0, 731, 1805, 1805, 272, 0.65%, 0, 0, 2, 12.97, 24256, 54599
342, 0, 731, 1808, 1808, 272, 0.65%, 0, 0, 2, 12.49, 24327, 54601
347, 0, 731, 1809, 1809, 272, 0.65%, 0, 0, 2, 12.32, 24391, 54607
352, 0, 731, 1812, 1812, 272, 0.65%, 0, 0, 2, 12.27, 24456, 54608
358, 0, 731, 1816, 1816, 272, 0.65%, 0, 0, 2, 12.16, 24526, 54609
363, 0, 731, 1819, 1819, 272, 0.65%, 0, 0, 2, 11.93, 24587, 54615
369, 0, 731, 1822, 1822, 272, 0.65%, 0, 0, 2, 12.30, 24658, 54616
374, 0, 731, 1822, 1822, 272, 0.65%, 0, 0, 2, 12.26, 24720, 54616
379, 0, 731, 1825, 1825, 272, 0.65%, 0, 0, 2, 12.45, 24784, 54620
384, 0, 731, 1827, 1827, 272, 0.65%, 0, 0, 2, 12.50, 24848, 54624
389, 0, 731, 1829, 1829, 272, 0.65%, 0, 0, 2, 12.50, 24913, 54627
395, 0, 731, 1831, 1831, 272, 0.65%, 0, 0, 2, 12.44, 24977, 54631
400, 0, 731, 1833, 1833, 272, 0.65%, 0, 0, 2, 12.31, 25039, 54633
405, 0, 731, 1834, 1834, 272, 0.65%, 0, 0, 2, 12.47, 25103, 54633
410, 0, 731, 1836, 1836, 272, 0.65%, 0, 0, 2, 12.42, 25165, 54634
415, 0, 731, 1839, 1839, 272, 0.65%, 0, 0, 2, 12.52, 25228, 54635
420, 0, 731, 1840, 1840, 272, 0.65%, 0, 0, 2, 12.46, 25291, 54635
425, 0, 731, 1842, 1842, 272, 0.65%, 0, 0, 2, 12.29, 25353, 54635
430, 0, 731, 1843, 1843, 272, 0.65%, 0, 0, 2, 12.31, 25416, 54635
435, 0, 731, 1843, 1843, 272, 0.65%, 0, 0, 2, 13.15, 25482, 54635
440, 0, 1698, 1844, 1843, 337, 0.65%, 0, 0, 3, 12.61, 25541, 54636
445, 0, 80, 1844, 1842, 336, 0.65%, 0, 0, 3, 11.70, 25599, 54636
451, 0, 80, 1844, 1842, 336, 0.65%, 0, 0, 3, 11.58, 25659, 54636
457, 0, 80, 1845, 1843, 336, 0.65%, 0, 0, 3, 11.66, 25731, 54636
462, 0, 80, 1846, 1844, 336, 0.65%, 0, 0, 3, 12.78, 25798, 54636
467, 0, 80, 1847, 1845, 336, 0.65%, 0, 0, 3, 13.29, 25867, 54637
473, 0, 80, 1850, 1848, 336, 0.65%, 0, 0, 3, 13.03, 25943, 54638
478, 0, 80, 1852, 1850, 336, 0.65%, 0, 0, 3, 13.24, 26009, 54639
484, 0, 80, 1854, 1852, 336, 0.65%, 0, 0, 3, 13.22, 26084, 54643
489, 0, 80, 1854, 1852, 336, 0.65%, 0, 0, 3, 13.49, 26153, 54643
494, 0, 80, 1856, 1854, 336, 0.65%, 0, 0, 3, 13.45, 26221, 54643
499, 0, 80, 1859, 1857, 336, 0.65%, 0, 0, 3, 13.34, 26285, 54645
505, 0, 80, 1860, 1858, 336, 0.65%, 0, 0, 3, 13.36, 26360, 54645
510, 0, 80, 1860, 1858, 336, 0.65%, 0, 0, 3, 13.42, 26429, 54645
515, 0, 80, 1862, 1860, 336, 0.65%, 0, 0, 3, 13.32, 26495, 54647
521, 0, 80, 1863, 1861, 336, 0.65%, 0, 0, 3, 13.42, 26576, 54647
527, 0, 80, 1864, 1862, 336, 0.65%, 0, 0, 3, 13.39, 26644, 54647
532, 0, 80, 1866, 1864, 336, 0.65%, 0, 0, 3, 13.35, 26710, 54648
537, 0, 80, 1867, 1865, 336, 0.65%, 0, 0, 3, 13.45, 26778, 54649
542, 0, 80, 1868, 1866, 336, 0.65%, 0, 0, 3, 13.49, 26847, 54649
547, 0, 80, 1869, 1867, 336, 0.65%, 0, 0, 3, 13.43, 26920, 54649
552, 0, 80, 1870, 1868, 336, 0.65%, 0, 0, 3, 13.45, 26987, 54649
558, 0, 80, 1871, 1869, 336, 0.65%, 0, 0, 3, 13.43, 27056, 54649
563, 0, 80, 1872, 1870, 336, 0.65%, 0, 0, 3, 13.53, 27124, 54649
568, 0, 80, 1872, 1870, 336, 0.65%, 0, 0, 3, 13.49, 27193, 54649
573, 0, 80, 1873, 1871, 336, 0.65%, 0, 0, 3, 13.43, 27261, 54649
578, 0, 80, 1874, 1872, 336, 0.65%, 0, 0, 3, 13.42, 27330, 54650
583, 0, 80, 1875, 1873, 336, 0.65%, 0, 0, 3, 13.45, 27398, 54650
588, 0, 80, 1876, 1874, 336, 0.65%, 0, 0, 3, 13.53, 27466, 54650
594, 0, 80, 1876, 1874, 336, 0.65%, 0, 0, 3, 13.52, 27535, 54650
599, 0, 80, 1877, 1875, 336, 0.65%, 0, 0, 3, 13.49, 27604, 54650
604, 0, 80, 1878, 1876, 336, 0.65%, 0, 0, 3, 13.34, 27671, 54650
609, 0, 80, 1879, 1877, 336, 0.65%, 0, 0, 3, 13.40, 27739, 54650
614, 0, 80, 1879, 1877, 336, 0.65%, 0, 0, 3, 13.48, 27808, 54650
619, 0, 80, 1881, 1879, 336, 0.65%, 0, 0, 3, 13.42, 27875, 54651
624, 0, 80, 1883, 1881, 336, 0.65%, 0, 0, 3, 13.35, 27940, 54652
629, 0, 80, 1884, 1882, 336, 0.65%, 0, 0, 3, 13.46, 28008, 54652
634, 0, 80, 1886, 1884, 336, 0.65%, 0, 0, 3, 13.40, 28074, 54653
639, 0, 80, 1886, 1884, 336, 0.65%, 0, 0, 3, 13.51, 28143, 54653
644, 0, 80, 1888, 1886, 336, 0.65%, 0, 0, 3, 13.45, 28209, 54654
650, 0, 80, 1891, 1889, 336, 0.65%, 0, 0, 3, 13.29, 28274, 54654
655, 0, 80, 1892, 1890, 336, 0.65%, 0, 0, 3, 13.36, 28350, 54655
660, 0, 80, 1893, 1891, 336, 0.65%, 0, 0, 3, 13.44, 28418, 54655
665, 0, 80, 1894, 1892, 336, 0.65%, 0, 0, 3, 13.47, 28485, 54655
671, 0, 80, 1894, 1892, 336, 0.65%, 0, 0, 3, 13.53, 28554, 54655
676, 0, 80, 1895, 1893, 336, 0.65%, 0, 0, 3, 13.51, 28622, 54656
681, 0, 80, 1897, 1895, 336, 0.65%, 0, 0, 3, 13.44, 28689, 54657
686, 0, 80, 1898, 1896, 336, 0.65%, 0, 0, 3, 13.45, 28756, 54658
691, 0, 80, 1899, 1897, 336, 0.65%, 0, 0, 3, 13.43, 28825, 54658
696, 0, 80, 1901, 1899, 336, 0.65%, 0, 0, 3, 13.38, 28894, 54660
701, 0, 80, 1901, 1899, 336, 0.65%, 0, 0, 3, 13.59, 28963, 54660
707, 0, 80, 1903, 1901, 336, 0.65%, 0, 0, 3, 13.44, 29042, 54661
713, 0, 80, 1904, 1902, 336, 0.65%, 0, 0, 3, 13.37, 29119, 54663
718, 0, 80, 1905, 1903, 336, 0.65%, 0, 0, 3, 13.44, 29188, 54663
723, 0, 80, 1906, 1904, 336, 0.65%, 0, 0, 3, 13.44, 29256, 54664
729, 0, 80, 1906, 1904, 336, 0.65%, 0, 0, 3, 13.51, 29325, 54664
734, 0, 80, 1907, 1905, 336, 0.65%, 0, 0, 3, 13.45, 29393, 54664
739, 0, 80, 1908, 1906, 336, 0.65%, 0, 0, 3, 13.48, 29461, 54664
745, 0, 80, 1911, 1909, 336, 0.65%, 0, 0, 3, 13.35, 29537, 54665
750, 0, 80, 1911, 1909, 336, 0.65%, 0, 0, 3, 13.46, 29606, 54665
755, 0, 80, 1912, 1910, 336, 0.65%, 0, 0, 3, 13.45, 29675, 54665
760, 0, 80, 1912, 1910, 336, 0.65%, 0, 0, 3, 13.56, 29744, 54665
766, 0, 80, 1913, 1911, 336, 0.65%, 0, 0, 3, 13.24, 29815, 54665
771, 0, 1770, 1913, 1910, 356, 0.65%, 0, 0, 3, 13.09, 29880, 54665
776, 0, 1770, 1913, 1910, 356, 0.65%, 0, 0, 3, 13.50, 29949, 54665
781, 0, 1770, 1915, 1912, 356, 0.65%, 0, 0, 3, 13.34, 30017, 54668
786, 0, 1770, 1915, 1912, 356, 0.65%, 0, 0, 3, 13.42, 30086, 54668
791, 0, 1770, 1915, 1912, 356, 0.65%, 0, 0, 3, 13.52, 30155, 54668
796, 0, 1843, 1915, 1911, 355, 0.65%, 0, 0, 3, 13.09, 30223, 54668
802, 0, 1576, 1915, 1910, 354, 0.65%, 0, 0, 3, 14.36, 30298, 54668
807, 0, 1576, 1915, 1910, 354, 0.65%, 0, 0, 3, 15.66, 30380, 54668
812, 0, 1576, 1915, 1910, 354, 0.65%, 0, 0, 3, 16.02, 30459, 54668
817, 0, 1576, 1915, 1910, 354, 0.65%, 0, 0, 3, 16.58, 30545, 54668
822, 0, 1576, 1916, 1911, 354, 0.65%, 0, 0, 3, 15.08, 30622, 54668
827, 0, 1576, 1916, 1911, 354, 0.65%, 0, 0, 3, 14.02, 30694, 54668
833, 0, 1576, 1918, 1913, 354, 0.65%, 0, 0, 3, 13.63, 30762, 54670
839, 0, 1576, 1919, 1914, 354, 0.65%, 0, 0, 3, 13.28, 30837, 54670
844, 0, 1576, 1920, 1915, 354, 0.65%, 0, 0, 3, 13.87, 30910, 54670
849, 0, 41, 1920, 1914, 355, 0.65%, 0, 0, 3, 12.83, 30975, 54670
854, 0, 41, 1920, 1914, 355, 0.65%, 0, 0, 3, 12.64, 31038, 54670
859, 0, 41, 1920, 1914, 355, 0.65%, 0, 0, 3, 12.18, 31098, 54670
864, 0, 41, 1920, 1914, 355, 0.65%, 0, 0, 3, 12.04, 31158, 54670
869, 0, 41, 1922, 1916, 355, 0.65%, 0, 0, 3, 12.08, 31223, 54670
875, 0, 41, 1925, 1919, 355, 0.65%, 0, 0, 3, 12.54, 31286, 54672
880, 0, 41, 1928, 1922, 355, 0.65%, 0, 0, 3, 12.75, 31358, 54672
886, 0, 41, 1929, 1923, 355, 0.65%, 0, 0, 3, 12.94, 31422, 54672
891, 0, 41, 1931, 1925, 355, 0.65%, 0, 0, 3, 13.14, 31498, 54673
897, 0, 41, 1932, 1926, 355, 0.65%, 0, 0, 3, 13.18, 31572, 54673
903, 0, 41, 1933, 1927, 355, 0.65%, 0, 0, 3, 13.33, 31649, 54673
908, 0, 41, 1934, 1928, 355, 0.65%, 0, 0, 3, 13.48, 31716, 54673
913, 0, 41, 1936, 1930, 355, 0.65%, 0, 0, 3, 13.35, 31781, 54679
919, 0, 41, 1937, 1931, 355, 0.65%, 0, 0, 3, 13.26, 31858, 54679
925, 0, 41, 1940, 1934, 355, 0.65%, 0, 0, 3, 13.20, 31928, 54680
930, 0, 41, 1942, 1936, 355, 0.65%, 0, 0, 3, 12.81, 31984, 54695
935, 0, 41, 1943, 1937, 355, 0.65%, 0, 0, 3, 13.04, 32050, 54695
941, 0, 41, 1945, 1939, 355, 0.65%, 0, 0, 3, 12.77, 32118, 54700
946, 0, 41, 1947, 1941, 355, 0.65%, 0, 0, 3, 13.09, 32185, 54702
951, 0, 41, 1949, 1943, 355, 0.65%, 0, 0, 3, 13.13, 32251, 54703
956, 0, 41, 1950, 1944, 355, 0.65%, 0, 0, 3, 13.21, 32317, 54703
962, 0, 41, 1953, 1947, 355, 0.65%, 0, 0, 3, 13.00, 32386, 54703
967, 0, 41, 1956, 1950, 355, 0.65%, 0, 0, 3, 12.73, 32447, 54714
972, 0, 41, 1958, 1952, 355, 0.65%, 0, 0, 3, 13.01, 32513, 54714
977, 0, 41, 1959, 1953, 355, 0.65%, 0, 0, 3, 13.02, 32580, 54714
982, 0, 41, 1961, 1955, 355, 0.65%, 0, 0, 3, 13.17, 32646, 54716
987, 0, 41, 1963, 1957, 355, 0.65%, 0, 0, 3, 13.47, 32715, 54716
993, 0, 41, 1964, 1958, 355, 0.65%, 0, 0, 3, 13.59, 32796, 54719
999, 0, 41, 1967, 1961, 355, 0.65%, 0, 0, 3, 13.15, 32865, 54721
1004, 0, 41, 1967, 1961, 355, 0.65%, 0, 0, 3, 12.91, 32931, 54721
1009, 0, 41, 1969, 1963, 355, 0.65%, 0, 0, 3, 13.01, 32993, 54721
1014, 0, 41, 1970, 1964, 355, 0.65%, 0, 0, 3, 13.00, 33059, 54721
1019, 0, 41, 1971, 1965, 355, 0.65%, 0, 0, 3, 13.01, 33123, 54724
1024, 0, 41, 1972, 1966, 355, 0.65%, 0, 0, 3, 12.89, 33187, 54724
1029, 0, 41, 1973, 1967, 355, 0.65%, 0, 0, 3, 13.02, 33253, 54724
1034, 0, 41, 1975, 1969, 355, 0.65%, 0, 0, 3, 12.84, 33316, 54725
1039, 0, 41, 1977, 1971, 355, 0.65%, 0, 0, 3, 12.59, 33380, 54729
1045, 0, 41, 1979, 1973, 355, 0.65%, 0, 0, 3, 12.88, 33452, 54729
1050, 0, 41, 1979, 1973, 355, 0.65%, 0, 0, 3, 12.92, 33518, 54729
1055, 0, 41, 1980, 1974, 355, 0.65%, 0, 0, 3, 13.06, 33583, 54730
1060, 0, 41, 1982, 1976, 355, 0.65%, 0, 0, 3, 13.09, 33650, 54730
1066, 0, 41, 1984, 1978, 355, 0.65%, 0, 0, 3, 12.98, 33720, 54731
1072, 0, 41, 1986, 1980, 355, 0.65%, 0, 0, 3, 12.55, 33789, 54731
1077, 0, 41, 1987, 1981, 355, 0.65%, 0, 0, 3, 12.58, 33852, 54732
1082, 0, 41, 1987, 1981, 355, 0.65%, 0, 0, 3, 13.21, 33921, 54732
1087, 0, 87, 1987, 1980, 369, 0.65%, 0, 0, 3, 13.26, 33983, 54732
1092, 0, 87, 1987, 1980, 369, 0.65%, 0, 0, 3, 14.80, 34059, 54732
1098, 0, 87, 1987, 1980, 369, 0.65%, 0, 0, 3, 13.91, 34125, 54732
1103, 0, 87, 1988, 1981, 369, 0.65%, 0, 0, 3, 15.07, 34202, 54732
1109, 0, 87, 1992, 1985, 369, 0.65%, 0, 0, 3, 14.19, 34278, 54736
1114, 0, 87, 1994, 1987, 369, 0.65%, 0, 0, 3, 13.76, 34345, 54736
1119, 0, 87, 1995, 1988, 369, 0.65%, 0, 0, 3, 13.67, 34414, 54736
1124, 0, 87, 1998, 1991, 369, 0.65%, 0, 0, 3, 13.40, 34480, 54736
1129, 0, 87, 1999, 1992, 369, 0.65%, 0, 0, 3, 13.70, 34548, 54740
1134, 0, 87, 2000, 1993, 369, 0.65%, 0, 0, 3, 13.54, 34615, 54740
1139, 0, 87, 2000, 1993, 369, 0.65%, 0, 0, 3, 13.72, 34684, 54740
1144, 0, 87, 2001, 1994, 369, 0.65%, 0, 0, 3, 13.52, 34752, 54740
1150, 0, 87, 2003, 1996, 369, 0.65%, 0, 0, 3, 13.26, 34818, 54760
1155, 0, 87, 2005, 1998, 369, 0.65%, 0, 0, 3, 13.61, 34892, 54761
1160, 0, 87, 2006, 1999, 369, 0.65%, 0, 0, 3, 13.53, 34958, 54761
1165, 0, 87, 2008, 2001, 369, 0.65%, 0, 0, 3, 13.23, 35020, 54761
1170, 0, 87, 2009, 2002, 369, 0.65%, 0, 0, 3, 13.47, 35087, 54761
1175, 0, 87, 2010, 2003, 369, 0.65%, 0, 0, 3, 13.65, 35157, 54761
1180, 0, 87, 2011, 2004, 369, 0.65%, 0, 0, 3, 13.39, 35223, 54761
1185, 0, 87, 2012, 2005, 369, 0.65%, 0, 0, 3, 13.26, 35291, 54761
1191, 0, 87, 2013, 2006, 369, 0.65%, 0, 0, 3, 13.21, 35356, 54762
1196, 0, 87, 2013, 2006, 369, 0.65%, 0, 0, 3, 13.13, 35422, 54762
1201, 0, 87, 2013, 2006, 369, 0.65%, 0, 0, 3, 13.16, 35490, 54762
1206, 0, 87, 2014, 2007, 369, 0.65%, 0, 0, 3, 13.17, 35553, 54762
1212, 0, 87, 2015, 2008, 369, 0.65%, 0, 0, 3, 13.07, 35630, 54762
1217, 0, 87, 2017, 2010, 369, 0.65%, 0, 0, 3, 12.14, 35680, 54762
1222, 0, 87, 2018, 2011, 369, 0.65%, 0, 0, 3, 12.58, 35741, 54762
1227, 0, 87, 2018, 2011, 369, 0.65%, 0, 0, 3, 12.12, 35802, 54762
1233, 0, 87, 2020, 2013, 369, 0.65%, 0, 0, 3, 12.01, 35866, 54762
1238, 0, 87, 2020, 2013, 369, 0.65%, 0, 0, 3, 12.32, 35928, 54762
1243, 0, 87, 2020, 2013, 369, 0.65%, 0, 0, 3, 12.19, 35990, 54762
1248, 0, 87, 2021, 2014, 369, 0.65%, 0, 0, 3, 12.86, 36055, 54763
1254, 0, 466, 2021, 2013, 372, 0.65%, 0, 0, 3, 12.61, 36120, 54763
1260, 0, 466, 2022, 2014, 372, 0.65%, 0, 0, 3, 12.76, 36195, 54764
1265, 0, 466, 2025, 2017, 372, 0.65%, 0, 0, 3, 13.01, 36260, 54784
1270, 0, 466, 2028, 2020, 372, 0.65%, 0, 0, 3, 12.87, 36325, 54785
1276, 0, 466, 2032, 2024, 372, 0.65%, 0, 0, 3, 12.92, 36395, 54788
1282, 0, 466, 2036, 2028, 372, 0.65%, 0, 0, 3, 12.77, 36467, 54789
1287, 0, 466, 2040, 2032, 372, 0.65%, 0, 0, 3, 12.85, 36534, 54794
1292, 0, 466, 2042, 2034, 372, 0.65%, 0, 0, 3, 12.78, 36595, 54796
1297, 0, 466, 2043, 2035, 372, 0.65%, 0, 0, 3, 12.98, 36662, 54797
1302, 0, 466, 2044, 2036, 372, 0.65%, 0, 0, 3, 13.05, 36727, 54797
1307, 0, 466, 2047, 2039, 372, 0.65%, 0, 0, 3, 12.71, 36788, 54797
1313, 0, 466, 2047, 2039, 372, 0.65%, 0, 0, 3, 12.83, 36854, 54797
1318, 0, 466, 2050, 2042, 372, 0.65%, 0, 0, 3, 12.68, 36916, 54797
1323, 0, 466, 2051, 2043, 372, 0.65%, 0, 0, 3, 12.81, 36978, 54797
1328, 0, 466, 2051, 2043, 372, 0.65%, 0, 0, 3, 12.62, 37043, 54797
1333, 0, 466, 2052, 2044, 372, 0.65%, 0, 0, 3, 12.86, 37112, 54797
1338, 0, 466, 2053, 2045, 372, 0.65%, 0, 0, 3, 12.95, 37177, 54797
1344, 0, 466, 2054, 2046, 372, 0.65%, 0, 0, 3, 13.02, 37244, 54798
1349, 0, 466, 2056, 2048, 372, 0.65%, 0, 0, 3, 12.85, 37312, 54798
1354, 0, 466, 2059, 2051, 372, 0.65%, 0, 0, 3, 12.77, 37375, 54800
1359, 0, 466, 2060, 2052, 372, 0.65%, 0, 0, 3, 12.84, 37440, 54802
1364, 0, 466, 2062, 2054, 372, 0.65%, 0, 0, 3, 12.71, 37503, 54805
1370, 0, 466, 2062, 2054, 372, 0.65%, 0, 0, 3, 12.94, 37569, 54805
1375, 0, 466, 2063, 2055, 372, 0.65%, 0, 0, 3, 13.04, 37636, 54805
1380, 0, 466, 2065, 2057, 372, 0.65%, 0, 0, 3, 12.94, 37701, 54806
1385, 0, 466, 2066, 2058, 372, 0.65%, 0, 0, 3, 13.06, 37763, 54806
1390, 0, 466, 2066, 2058, 372, 0.65%, 0, 0, 3, 13.12, 37829, 54806
1395, 0, 466, 2067, 2059, 372, 0.65%, 0, 0, 3, 12.89, 37895, 54806
1400, 0, 466, 2068, 2060, 372, 0.65%, 0, 0, 3, 12.95, 37961, 54806
1405, 0, 466, 2070, 2062, 372, 0.65%, 0, 0, 3, 12.80, 38025, 54807
1411, 0, 466, 2072, 2064, 372, 0.65%, 0, 0, 3, 12.85, 38091, 54813
1416, 0, 466, 2073, 2065, 372, 0.65%, 0, 0, 3, 12.83, 38157, 54813
1422, 0, 466, 2076, 2068, 372, 0.65%, 0, 0, 3, 12.72, 38229, 54813
1427, 0, 466, 2076, 2068, 372, 0.65%, 0, 0, 3, 12.81, 38295, 54813
1432, 0, 466, 2076, 2068, 372, 0.65%, 0, 0, 3, 12.91, 38361, 54813
1437, 0, 466, 2077, 2069, 372, 0.65%, 0, 0, 3, 12.91, 38424, 54813
1442, 0, 466, 2078, 2070, 372, 0.65%, 0, 0, 3, 13.11, 38487, 54813
1448, 0, 466, 2080, 2072, 372, 0.65%, 0, 0, 3, 13.16, 38554, 54815
1453, 0, 466, 2080, 2072, 372, 0.65%, 0, 0, 3, 13.33, 38623, 54815
1458, 0, 466, 2082, 2074, 372, 0.65%, 0, 0, 3, 12.71, 38678, 54815
1463, 0, 466, 2083, 2075, 372, 0.65%, 0, 0, 3, 12.11, 38736, 54816
1468, 0, 1705, 2085, 2076, 387, 0.65%, 0, 0, 3, 12.26, 38800, 54816
1474, 0, 1705, 2088, 2079, 387, 0.65%, 0, 0, 3, 12.86, 38877, 54817
1479, 0, 1705, 2089, 2080, 387, 0.65%, 0, 0, 3, 13.18, 38944, 54817
1484, 0, 1705, 2090, 2081, 387, 0.65%, 0, 0, 3, 13.44, 39012, 54817
1489, 0, 1705, 2090, 2081, 387, 0.65%, 0, 0, 3, 13.39, 39081, 54817
1494, 0, 1705, 2093, 2084, 387, 0.65%, 0, 0, 3, 13.27, 39146, 54820
1500, 0, 1705, 2095, 2086, 387, 0.65%, 0, 0, 3, 13.28, 39216, 54822
1505, 0, 1705, 2097, 2088, 387, 0.65%, 0, 0, 3, 13.33, 39284, 54823
1511, 0, 1705, 2098, 2089, 387, 0.65%, 0, 0, 3, 13.37, 39362, 54823
1516, 0, 1705, 2100, 2091, 387, 0.65%, 0, 0, 3, 13.28, 39430, 54823
1522, 0, 1705, 2103, 2094, 387, 0.65%, 0, 0, 3, 13.42, 39500, 54824
1528, 0, 1705, 2105, 2096, 387, 0.65%, 0, 0, 3, 13.36, 39579, 54824
1533, 0, 1705, 2105, 2096, 387, 0.65%, 0, 0, 3, 13.65, 39649, 54824
1538, 0, 1705, 2106, 2097, 387, 0.65%, 0, 0, 3, 13.47, 39716, 54825
1543, 0, 1705, 2106, 2097, 387, 0.65%, 0, 0, 3, 13.44, 39786, 54825
1549, 0, 1705, 2108, 2099, 387, 0.65%, 0, 0, 3, 13.37, 39859, 54825
1554, 0, 1705, 2109, 2100, 387, 0.65%, 0, 0, 3, 13.51, 39932, 54825
1559, 0, 1705, 2111, 2102, 387, 0.65%, 0, 0, 3, 13.38, 39998, 54825
1565, 0, 1705, 2112, 2103, 387, 0.65%, 0, 0, 3, 13.84, 40081, 54827
1571, 0, 1705, 2117, 2108, 387, 0.65%, 0, 0, 3, 13.83, 40159, 54829
1576, 0, 1705, 2120, 2111, 387, 0.65%, 0, 0, 3, 14.04, 40228, 54830
1582, 0, 1705, 2121, 2112, 387, 0.65%, 0, 0, 3, 13.26, 40294, 54830
1587, 0, 1705, 2122, 2113, 387, 0.65%, 0, 0, 3, 12.91, 40354, 54830
1592, 0, 1705, 2123, 2114, 387, 0.65%, 0, 0, 3, 12.01, 40411, 54830
1598, 0, 1705, 2127, 2118, 387, 0.65%, 0, 0, 3, 12.62, 40489, 54830
1603, 0, 1705, 2128, 2119, 387, 0.65%, 0, 0, 3, 14.57, 40563, 54831
1608, 0, 1705, 2129, 2120, 387, 0.65%, 0, 0, 3, 15.13, 40643, 54836
1613, 0, 1705, 2130, 2121, 387, 0.65%, 0, 0, 3, 14.80, 40714, 54836
1619, 0, 1705, 2133, 2124, 387, 0.65%, 0, 0, 3, 14.37, 40788, 54837
1624, 0, 1705, 2134, 2125, 387, 0.65%, 0, 0, 3, 14.28, 40858, 54839
1629, 0, 1705, 2136, 2127, 387, 0.65%, 0, 0, 3, 14.54, 40929, 54840
1634, 0, 1705, 2137, 2128, 387, 0.65%, 0, 0, 3, 15.06, 41003, 54840
1639, 0, 1705, 2139, 2130, 387, 0.65%, 0, 0, 3, 15.03, 41084, 54841
1645, 0, 1705, 2141, 2132, 387, 0.65%, 0, 0, 3, 14.43, 41164, 54842
1650, 0, 1705, 2141, 2132, 387, 0.65%, 0, 0, 3, 13.73, 41234, 54842
1655, 0, 1705, 2142, 2133, 387, 0.65%, 0, 0, 3, 13.41, 41300, 54842
1660, 0, 1705, 2143, 2134, 387, 0.65%, 0, 0, 3, 13.25, 41366, 54842
1666, 0, 1705, 2146, 2137, 387, 0.65%, 0, 0, 3, 13.10, 41432, 54843
1671, 0, 1705, 2149, 2140, 387, 0.65%, 0, 0, 3, 13.01, 41496, 54846
1676, 0, 1705, 2152, 2143, 387, 0.65%, 0, 0, 3, 12.78, 41559, 54847
1681, 0, 1705, 2155, 2146, 387, 0.65%, 0, 0, 3, 12.73, 41622, 54848
1686, 0, 1705, 2156, 2147, 387, 0.65%, 0, 0, 3, 13.03, 41690, 54848
1692, 0, 1705, 2158, 2149, 387, 0.65%, 0, 0, 3, 12.94, 41766, 54848
1697, 0, 1705, 2158, 2149, 387, 0.65%, 0, 0, 3, 13.14, 41835, 54848
1702, 0, 1705, 2160, 2151, 387, 0.65%, 0, 0, 3, 13.06, 41900, 54848
1707, 0, 1705, 2160, 2151, 387, 0.65%, 0, 0, 3, 13.14, 41966, 54848
1713, 0, 1705, 2161, 2152, 387, 0.65%, 0, 0, 3, 13.11, 42035, 54849
1718, 0, 1705, 2162, 2153, 387, 0.65%, 0, 0, 3, 13.07, 42100, 54849
1723, 0, 1705, 2162, 2153, 387, 0.65%, 0, 0, 3, 13.15, 42166, 54849
1728, 0, 1705, 2163, 2154, 387, 0.65%, 0, 0, 3, 13.11, 42232, 54849
1733, 0, 1705, 2164, 2155, 387, 0.65%, 0, 0, 3, 13.10, 42297, 54849
1738, 0, 1705, 2165, 2156, 387, 0.65%, 0, 0, 3, 13.20, 42363, 54850
1743, 0, 939, 2165, 2155, 404, 0.65%, 0, 0, 3, 12.55, 42425, 54850
1748, 0, 939, 2165, 2155, 404, 0.65%, 0, 0, 3, 11.78, 42485, 54850
1754, 0, 939, 2166, 2156, 404, 0.65%, 0, 0, 3, 12.06, 42552, 54850
1759, 0, 939, 2166, 2156, 404, 0.65%, 0, 0, 3, 12.94, 42618, 54850
1764, 0, 939, 2167, 2157, 404, 0.65%, 0, 0, 3, 12.96, 42685, 54850
1769, 0, 939, 2167, 2157, 404, 0.65%, 0, 0, 3, 12.95, 42750, 54850
1774, 0, 971, 2167, 2156, 403, 0.65%, 0, 0, 3, 14.28, 42822, 54850
1779, 0, 971, 2167, 2156, 403, 0.65%, 0, 0, 3, 14.58, 42896, 54850
1784, 0, 971, 2167, 2156, 403, 0.65%, 0, 0, 3, 14.55, 42973, 54850
1789, 0, 971, 2169, 2158, 403, 0.65%, 0, 0, 3, 13.44, 43038, 54850
1795, 0, 971, 2169, 2158, 403, 0.65%, 0, 0, 3, 13.23, 43104, 54850
1800, 0, 971, 2170, 2159, 403, 0.65%, 0, 0, 3, 13.28, 43172, 54850
1805, 0, 2128, 2170, 2158, 402, 0.65%, 0, 0, 3, 13.73, 43241, 54850
1810, 0, 2128, 2170, 2158, 402, 0.65%, 0, 0, 3, 17.52, 43332, 54850
1815, 0, 2128, 2170, 2158, 402, 0.65%, 0, 0, 3, 16.53, 43412, 54850
1820, 0, 2128, 2170, 2158, 402, 0.65%, 0, 0, 3, 17.37, 43509, 54850
1826, 0, 2128, 2170, 2158, 402, 0.65%, 0, 0, 3, 16.67, 43593, 54850
1831, 0, 2128, 2170, 2158, 402, 0.65%, 0, 0, 3, 17.59, 43690, 54850
1836, 0, 2128, 2171, 2159, 402, 0.65%, 0, 0, 4, 14.16, 43756, 54850
1841, 0, 2128, 2173, 2161, 402, 0.65%, 0, 0, 4, 13.49, 43820, 54851
1846, 0, 2128, 2175, 2163, 402, 0.65%, 0, 0, 4, 13.16, 43885, 54851
1851, 0, 2128, 2175, 2163, 402, 0.65%, 0, 0, 4, 12.87, 43951, 54851
1856, 0, 2128, 2175, 2163, 402, 0.65%, 0, 0, 4, 12.92, 44017, 54851
1861, 0, 2128, 2175, 2163, 402, 0.65%, 0, 0, 4, 13.07, 44083, 54851
1866, 0, 2128, 2175, 2163, 402, 0.65%, 0, 0, 4, 13.19, 44149, 54851
1872, 0, 2128, 2176, 2164, 402, 0.65%, 0, 0, 4, 12.82, 44215, 54852
1877, 0, 2128, 2177, 2165, 402, 0.65%, 0, 0, 4, 13.30, 44284, 54852
1883, 0, 2128, 2179, 2167, 402, 0.65%, 0, 0, 4, 13.05, 44360, 54858
1888, 0, 2128, 2181, 2169, 402, 0.65%, 0, 0, 4, 13.39, 44427, 54858
1893, 0, 904, 2181, 2168, 405, 0.65%, 0, 0, 4, 16.17, 44506, 54858
1898, 0, 904, 2181, 2168, 405, 0.65%, 0, 0, 4, 20.53, 44614, 54858
1903, 0, 904, 2181, 2168, 405, 0.65%, 0, 0, 4, 16.80, 44700, 54858
1908, 0, 904, 2181, 2168, 405, 0.65%, 0, 0, 4, 14.31, 44769, 54858
1978, 0, 904, 2182, 2169, 405, 0.65%, 0, 0, 4, 0.23, 44826, 54858
1986, 0, 904, 2184, 2171, 405, 0.65%, 0, 0, 4, 0.57, 44865, 54861
1994, 0, 904, 2185, 2172, 405, 0.65%, 0, 0, 4, 0.57, 44892, 54862
1999, 0, 904, 2185, 2172, 405, 0.65%, 0, 0, 4, 0.55, 44893, 54862
2004, 0, 904, 2185, 2172, 405, 0.65%, 0, 0, 4, 0.39, 44901, 54862
2010, 0, 904, 2185, 2172, 405, 0.65%, 0, 0, 4, 0.20, 44905, 54862
2076, 0, 904, 2186, 2173, 405, 0.65%, 0, 0, 4, 0.20, 44920, 54864
2084, 0, 904, 2187, 2174, 405, 0.65%, 0, 0, 4, 0.20, 44954, 54865
2089, 0, 904, 2187, 2174, 405, 0.65%, 0, 0, 4, 0.39, 44962, 54865
2094, 0, 904, 2187, 2174, 405, 0.65%, 0, 0, 4, 0.38, 44963, 54865
2100, 0, 904, 2187, 2174, 405, 0.65%, 0, 0, 4, 0.57, 44969, 54865
2105, 0, 904, 2187, 2174, 405, 0.65%, 0, 0, 4, 0.57, 44975, 54865
2110, 0, 904, 2187, 2174, 405, 0.65%, 0, 0, 4, 0.56, 44977, 54865
2117, 0, 904, 2187, 2174, 405, 0.65%, 0, 0, 4, 0.39, 44991, 54865
2122, 0, 904, 2187, 2174, 405, 0.65%, 0, 0, 4, 0.20, 44998, 54865
2129, 0, 904, 2188, 2175, 405, 0.65%, 0, 0, 4, 0.39, 45018, 54865
2134, 0, 904, 2188, 2175, 405, 0.65%, 0, 0, 4, 0.57, 45024, 54865
2140, 0, 904, 2188, 2175, 405, 0.65%, 0, 0, 4, 0.56, 45030, 54865
2147, 0, 904, 2189, 2176, 405, 0.65%, 0, 0, 4, 0.20, 45052, 54868
2153, 0, 904, 2189, 2176, 405, 0.65%, 0, 0, 4, 0.39, 45060, 54868
2159, 0, 904, 2190, 2177, 405, 0.65%, 0, 0, 4, 0.57, 45083, 54871
2165, 0, 904, 2190, 2177, 405, 0.65%, 0, 0, 4, 0.20, 45093, 54871
2170, 0, 904, 2190, 2177, 405, 0.65%, 0, 0, 4, 0.21, 45095, 54871
2177, 0, 904, 2190, 2177, 405, 0.65%, 0, 0, 4, 0.20, 45120, 54871
2182, 0, 904, 2190, 2177, 405, 0.65%, 0, 0, 4, 0.21, 45122, 54871
2188, 0, 904, 2190, 2177, 405, 0.65%, 0, 0, 4, 0.21, 45123, 54871
2193, 0, 904, 2190, 2177, 405, 0.65%, 0, 0, 4, 0.21, 45124, 54871
2198, 0, 904, 2190, 2177, 405, 0.65%, 0, 0, 4, 0.22, 45126, 54871
2204, 0, 904, 2190, 2177, 405, 0.65%, 0, 0, 4, 0.58, 45141, 54871
2210, 0, 904, 2190, 2177, 405, 0.65%, 0, 0, 4, 0.58, 45159, 54871
2217, 0, 904, 2190, 2177, 405, 0.65%, 0, 0, 4, 0.58, 45183, 54871
2222, 0, 904, 2190, 2177, 405, 0.65%, 0, 0, 4, 0.57, 45185, 54871
2228, 0, 904, 2190, 2177, 405, 0.65%, 0, 0, 4, 0.58, 45201, 54871
2234, 0, 904, 2190, 2177, 405, 0.65%, 0, 0, 4, 0.39, 45206, 54871
2240, 0, 904, 2190, 2177, 405, 0.65%, 0, 0, 4, 0.39, 45220, 54871
2245, 0, 904, 2190, 2177, 405, 0.65%, 0, 0, 4, 0.38, 45221, 54871
2250, 0, 904, 2190, 2177, 405, 0.65%, 0, 0, 4, 0.38, 45223, 54871
2255, 0, 904, 2190, 2177, 405, 0.65%, 0, 0, 4, 0.39, 45228, 54871
2262, 0, 904, 2191, 2178, 405, 0.65%, 0, 0, 4, 0.39, 45252, 54871
2267, 0, 904, 2191, 2178, 405, 0.65%, 0, 0, 4, 0.38, 45253, 54871
2273, 0, 904, 2191, 2178, 405, 0.65%, 0, 0, 4, 0.20, 45260, 54871
2278, 0, 904, 2191, 2178, 405, 0.65%, 0, 0, 4, 0.58, 45266, 54871
2286, 0, 904, 2192, 2179, 405, 0.65%, 0, 0, 4, 0.20, 45287, 54873
2291, 0, 904, 2192, 2179, 405, 0.65%, 0, 0, 4, 0.20, 45291, 54873
2296, 0, 904, 2192, 2179, 405, 0.65%, 0, 0, 4, 0.20, 45295, 54873
2301, 0, 904, 2192, 2179, 405, 0.65%, 0, 0, 4, 0.22, 45298, 54873
2309, 0, 904, 2192, 2179, 405, 0.65%, 0, 0, 4, 0.57, 45328, 54873
2319, 0, 904, 2192, 2179, 405, 0.65%, 0, 0, 4, 0.10, 45329, 54873
2325, 0, 904, 2192, 2179, 405, 0.65%, 0, 0, 4, 0.38, 45343, 54873
2330, 0, 904, 2192, 2179, 405, 0.65%, 0, 0, 4, 0.38, 45345, 54873
2337, 0, 904, 2192, 2179, 405, 0.65%, 0, 0, 4, 0.38, 45365, 54873
2342, 0, 904, 2192, 2179, 405, 0.65%, 0, 0, 4, 0.39, 45373, 54873
2348, 0, 904, 2192, 2179, 405, 0.65%, 0, 0, 4, 0.76, 45383, 54873
2353, 0, 904, 2192, 2179, 405, 0.65%, 0, 0, 4, 0.20, 45387, 54873
2359, 0, 904, 2192, 2179, 405, 0.65%, 0, 0, 4, 0.39, 45395, 54873
2366, 0, 904, 2193, 2180, 405, 0.65%, 0, 0, 4, 0.39, 45412, 54873
2371, 0, 904, 2193, 2180, 405, 0.65%, 0, 0, 4, 0.39, 45418, 54873
2376, 0, 904, 2193, 2180, 405, 0.65%, 0, 0, 4, 0.39, 45423, 54873
2382, 0, 904, 2193, 2180, 405, 0.65%, 0, 0, 4, 0.37, 45428, 54873
2389, 0, 904, 2194, 2181, 405, 0.65%, 0, 0, 4, 0.57, 45453, 54873
2395, 0, 904, 2194, 2181, 405, 0.65%, 0, 0, 4, 0.56, 45455, 54873
2400, 0, 904, 2194, 2181, 405, 0.65%, 0, 0, 4, 0.39, 45463, 54873
2405, 0, 904, 2194, 2181, 405, 0.65%, 0, 0, 4, 0.39, 45465, 54873
2411, 0, 904, 2194, 2181, 405, 0.65%, 0, 0, 4, 0.20, 45469, 54873
2418, 0, 904, 2195, 2182, 405, 0.65%, 0, 0, 4, 0.39, 45493, 54873
2423, 0, 904, 2195, 2182, 405, 0.65%, 0, 0, 4, 0.39, 45501, 54873
2429, 0, 904, 2195, 2182, 405, 0.65%, 0, 0, 4, 0.39, 45509, 54873
2435, 0, 904, 2196, 2183, 405, 0.65%, 0, 0, 4, 0.39, 45524, 54873
2444, 0, 904, 2197, 2184, 405, 0.65%, 0, 0, 4, 0.57, 45573, 54874
2450, 0, 904, 2197, 2184, 405, 0.65%, 0, 0, 4, 0.39, 45584, 54874
2455, 0, 904, 2197, 2184, 405, 0.65%, 0, 0, 4, 0.20, 45591, 54874
2460, 0, 904, 2197, 2184, 405, 0.65%, 0, 0, 4, 0.20, 45592, 54874
2468, 0, 904, 2198, 2185, 405, 0.65%, 0, 0, 4, 0.57, 45621, 54875
2473, 0, 904, 2198, 2185, 405, 0.65%, 0, 0, 4, 0.57, 45624, 54875
2480, 0, 904, 2198, 2185, 405, 0.65%, 0, 0, 4, 0.39, 45651, 54875
2485, 0, 904, 2198, 2185, 405, 0.65%, 0, 0, 4, 0.38, 45652, 54875
2491, 0, 904, 2198, 2185, 405, 0.65%, 0, 0, 4, 0.20, 45656, 54875
2498, 0, 904, 2198, 2185, 405, 0.65%, 0, 0, 4, 0.39, 45682, 54875
2503, 0, 904, 2198, 2185, 405, 0.65%, 0, 0, 4, 0.38, 45683, 54875
2508, 0, 904, 2198, 2185, 405, 0.65%, 0, 0, 4, 0.20, 45690, 54875
2513, 0, 904, 2198, 2185, 405, 0.65%, 0, 0, 4, 0.20, 45694, 54875
2519, 0, 904, 2198, 2185, 405, 0.65%, 0, 0, 4, 0.20, 45695, 54875
2525, 0, 904, 2198, 2185, 405, 0.65%, 0, 0, 4, 0.20, 45708, 54875
2530, 0, 904, 2198, 2185, 405, 0.65%, 0, 0, 4, 0.20, 45709, 54875
2535, 0, 904, 2198, 2185, 405, 0.65%, 0, 0, 4, 0.22, 45712, 54875
2540, 0, 904, 2198, 2185, 405, 0.65%, 0, 0, 4, 0.22, 45713, 54875
2545, 0, 904, 2198, 2185, 405, 0.65%, 0, 0, 4, 0.24, 45716, 54875
2550, 0, 904, 2198, 2185, 405, 0.65%, 0, 0, 4, 0.25, 45718, 54875
2556, 0, 904, 2198, 2185, 405, 0.65%, 0, 0, 4, 0.20, 45725, 54875
2563, 0, 904, 2199, 2186, 405, 0.65%, 0, 0, 4, 0.57, 45751, 54877
2569, 0, 904, 2199, 2186, 405, 0.65%, 0, 0, 4, 0.57, 45766, 54877
2574, 0, 904, 2199, 2186, 405, 0.65%, 0, 0, 4, 0.56, 45768, 54877
2580, 0, 904, 2199, 2186, 405, 0.65%, 0, 0, 4, 0.39, 45779, 54877
2585, 0, 2058, 2199, 2185, 413, 0.65%, 0, 0, 4, 13.86, 45838, 54877
2590, 0, 2058, 2199, 2185, 413, 0.65%, 0, 0, 4, 13.76, 45907, 54877
2596, 0, 2058, 2201, 2187, 413, 0.65%, 0, 0, 4, 13.56, 45982, 54877
2601, 0, 2058, 2202, 2188, 413, 0.65%, 0, 0, 4, 13.48, 46049, 54877
2606, 0, 2058, 2202, 2188, 413, 0.65%, 0, 0, 4, 13.49, 46118, 54877
2611, 0, 2058, 2203, 2189, 413, 0.65%, 0, 0, 4, 13.37, 46186, 54877
2616, 0, 361, 2203, 2188, 412, 0.65%, 0, 0, 4, 12.94, 46250, 54877
2621, 0, 361, 2203, 2188, 412, 0.65%, 0, 0, 4, 13.36, 46319, 54877
2626, 0, 361, 2203, 2188, 412, 0.65%, 0, 0, 4, 13.41, 46388, 54877
2632, 0, 361, 2203, 2188, 412, 0.65%, 0, 0, 4, 13.41, 46457, 54877
2638, 0, 361, 2204, 2189, 412, 0.65%, 0, 0, 4, 13.42, 46536, 54877
2643, 0, 361, 2208, 2193, 412, 0.65%, 0, 0, 4, 13.12, 46603, 54877
2648, 0, 361, 2210, 2195, 412, 0.65%, 0, 0, 4, 13.25, 46669, 54877
2653, 0, 361, 2212, 2197, 412, 0.65%, 0, 0, 4, 13.29, 46735, 54877
2658, 0, 361, 2213, 2198, 412, 0.65%, 0, 0, 4, 13.39, 46802, 54877
2664, 0, 361, 2214, 2199, 412, 0.65%, 0, 0, 4, 13.34, 46878, 54877
2669, 0, 361, 2216, 2201, 412, 0.65%, 0, 0, 4, 13.31, 46945, 54878
2675, 0, 361, 2219, 2204, 412, 0.65%, 0, 0, 4, 13.14, 47016, 54878
2680, 0, 361, 2221, 2206, 412, 0.65%, 0, 0, 4, 13.25, 47083, 54878
2685, 0, 361, 2221, 2206, 412, 0.65%, 0, 0, 4, 13.29, 47150, 54878
2690, 0, 361, 2224, 2209, 412, 0.65%, 0, 0, 4, 13.15, 47214, 54878
2695, 0, 361, 2225, 2210, 412, 0.65%, 0, 0, 4, 13.34, 47282, 54878
2701, 0, 361, 2227, 2212, 412, 0.65%, 0, 0, 4, 13.26, 47355, 54879
2706, 0, 361, 2227, 2212, 412, 0.65%, 0, 0, 4, 13.30, 47424, 54879
2711, 0, 361, 2227, 2212, 412, 0.65%, 0, 0, 4, 13.48, 47494, 54879
2717, 0, 361, 2229, 2214, 412, 0.65%, 0, 0, 4, 13.31, 47568, 54879
2722, 0, 361, 2229, 2214, 412, 0.65%, 0, 0, 4, 13.45, 47637, 54879
3725, 0, 935, 2229, 2213, 413, 0.65%, 0, 0, 4, 0.00, 47669, 54879
4725, 0, 935, 2229, 2213, 413, 0.65%, 0, 0, 4, 0.00, 47673, 54879
5727, 0, 935, 2229, 2213, 413, 0.65%, 0, 0, 4, 0.00, 47693, 54879
5732, 0, 935, 2231, 2215, 413, 0.65%, 0, 0, 4, 13.74, 47760, 54880
5738, 0, 935, 2233, 2217, 413, 0.65%, 0, 0, 4, 13.59, 47839, 54881
5743, 0, 935, 2234, 2218, 413, 0.65%, 0, 0, 4, 13.57, 47908, 54881
5748, 0, 935, 2234, 2218, 413, 0.65%, 0, 0, 4, 13.59, 47978, 54881
5753, 0, 935, 2234, 2218, 413, 0.65%, 0, 0, 4, 13.59, 48047, 54881
5758, 0, 935, 2235, 2219, 413, 0.65%, 0, 0, 4, 13.64, 48115, 54881
5763, 0, 935, 2236, 2220, 413, 0.65%, 0, 0, 4, 13.45, 48178, 54882
5768, 0, 935, 2236, 2220, 413, 0.65%, 0, 0, 4, 13.48, 48248, 54882
5774, 0, 935, 2237, 2221, 413, 0.65%, 0, 0, 4, 13.43, 48315, 54883
5779, 0, 935, 2238, 2222, 413, 0.65%, 0, 0, 4, 13.58, 48383, 54883
5784, 0, 935, 2239, 2223, 413, 0.65%, 0, 0, 4, 13.48, 48446, 54883
5789, 0, 935, 2240, 2224, 413, 0.65%, 0, 0, 4, 13.61, 48520, 54887
5795, 0, 935, 2241, 2225, 413, 0.65%, 0, 0, 4, 13.43, 48602, 54887
5800, 0, 935, 2241, 2225, 413, 0.65%, 0, 0, 4, 13.37, 48671, 54887
6802, 0, 935, 2241, 2225, 413, 0.65%, 0, 1, 4, 0.00, 48695, 54887
6807, 0, 935, 2241, 2225, 413, 0.65%, 0, 1, 4, 12.53, 48764, 54887
6812, 0, 935, 2241, 2225, 413, 0.65%, 0, 1, 4, 13.28, 48833, 54887
7814, 0, 935, 2241, 2225, 413, 0.65%, 0, 2, 4, 0.00, 48850, 54887
7819, 0, 935, 2242, 2226, 413, 0.65%, 0, 2, 4, 13.21, 48923, 54887
7824, 0, 935, 2243, 2227, 413, 0.65%, 0, 2, 4, 13.65, 48990, 54887
7830, 0, 935, 2244, 2228, 413, 0.65%, 0, 2, 4, 13.44, 49058, 54888
7835, 0, 1138, 2244, 2227, 418, 0.65%, 0, 2, 4, 12.18, 49111, 54888
7840, 0, 1138, 2244, 2227, 418, 0.65%, 0, 2, 4, 11.80, 49172, 54888
7845, 0, 1138, 2245, 2228, 418, 0.65%, 0, 2, 4, 12.77, 49238, 54888
7850, 0, 1138, 2246, 2229, 418, 0.65%, 0, 2, 4, 13.17, 49306, 54888
7856, 0, 1138, 2248, 2231, 418, 0.65%, 0, 2, 4, 12.18, 49351, 54888
7862, 0, 1138, 2249, 2232, 418, 0.65%, 0, 2, 4, 11.67, 49415, 54888
7867, 0, 1138, 2250, 2233, 418, 0.65%, 0, 2, 4, 12.97, 49482, 54888
7872, 0, 193, 2250, 2232, 417, 0.65%, 0, 2, 4, 13.16, 49548, 54888
7877, 0, 193, 2250, 2232, 417, 0.65%, 0, 2, 4, 16.26, 49636, 54888
7882, 0, 193, 2251, 2233, 417, 0.65%, 0, 2, 4, 14.90, 49705, 54890
7888, 0, 193, 2253, 2235, 417, 0.65%, 0, 2, 4, 14.20, 49781, 54890
7893, 0, 193, 2255, 2237, 417, 0.65%, 0, 2, 4, 15.53, 49861, 54892
7898, 0, 193, 2255, 2237, 417, 0.65%, 0, 2, 4, 15.26, 49938, 54892
7903, 0, 193, 2255, 2237, 417, 0.65%, 0, 2, 4, 14.55, 50014, 54892
7909, 0, 193, 2257, 2239, 417, 0.65%, 0, 2, 4, 13.03, 50077, 54894
7914, 0, 193, 2259, 2241, 417, 0.65%, 0, 2, 4, 12.23, 50134, 54896
7919, 0, 193, 2259, 2241, 417, 0.65%, 0, 2, 4, 12.36, 50197, 54896
7924, 0, 193, 2259, 2241, 417, 0.65%, 0, 2, 4, 12.97, 50263, 54896
7929, 0, 193, 2260, 2242, 417, 0.65%, 0, 2, 4, 12.44, 50322, 54896
7934, 0, 534, 2260, 2241, 418, 0.65%, 0, 2, 4, 12.05, 50379, 54896
7940, 0, 534, 2260, 2241, 418, 0.65%, 0, 2, 4, 11.87, 50439, 54896
7945, 0, 534, 2261, 2242, 418, 0.65%, 0, 2, 4, 12.14, 50499, 54896
7950, 0, 534, 2262, 2243, 418, 0.65%, 0, 2, 4, 13.35, 50574, 54896
7955, 0, 534, 2264, 2245, 418, 0.65%, 0, 2, 4, 13.47, 50638, 54897
7961, 0, 534, 2267, 2248, 418, 0.65%, 0, 2, 4, 13.05, 50708, 54897
7966, 0, 534, 2267, 2248, 418, 0.65%, 0, 2, 4, 13.22, 50777, 54897
7972, 0, 534, 2270, 2251, 418, 0.65%, 0, 2, 4, 13.05, 50852, 54899
7977, 0, 534, 2270, 2251, 418, 0.65%, 0, 2, 4, 13.29, 50921, 54899
7983, 0, 534, 2271, 2252, 418, 0.65%, 0, 2, 4, 13.21, 50996, 54899
7988, 0, 534, 2271, 2252, 418, 0.65%, 0, 2, 4, 13.32, 51065, 54899
7993, 0, 534, 2271, 2252, 418, 0.65%, 0, 2, 4, 13.23, 51131, 54899
7998, 0, 534, 2271, 2252, 418, 0.65%, 0, 2, 4, 13.12, 51197, 54899
8004, 0, 534, 2272, 2253, 418, 0.65%, 0, 2, 4, 12.90, 51266, 54899
8009, 0, 534, 2272, 2253, 418, 0.65%, 0, 2, 4, 13.29, 51335, 54899
8015, 0, 534, 2273, 2254, 418, 0.65%, 0, 2, 4, 12.99, 51413, 54899
8020, 0, 534, 2274, 2255, 418, 0.65%, 0, 2, 4, 13.11, 51479, 54899
8026, 0, 534, 2274, 2255, 418, 0.65%, 0, 2, 4, 13.20, 51548, 54899
8031, 0, 534, 2275, 2256, 418, 0.65%, 0, 2, 4, 13.13, 51614, 54899
8036, 0, 534, 2276, 2257, 418, 0.65%, 0, 2, 4, 13.28, 51682, 54899
8042, 0, 534, 2277, 2258, 418, 0.65%, 0, 2, 4, 13.32, 51761, 54899
8047, 0, 534, 2278, 2259, 418, 0.65%, 0, 2, 4, 13.36, 51828, 54899
8052, 0, 534, 2279, 2260, 418, 0.65%, 0, 2, 4, 13.21, 51896, 54899
8057, 0, 534, 2279, 2260, 418, 0.65%, 0, 2, 4, 13.25, 51963, 54899
8063, 0, 534, 2280, 2261, 418, 0.65%, 0, 2, 4, 13.09, 52027, 54899
8068, 0, 534, 2280, 2261, 418, 0.65%, 0, 2, 4, 13.27, 52096, 54899
8073, 0, 534, 2281, 2262, 418, 0.65%, 0, 2, 4, 13.32, 52164, 54899
8078, 0, 534, 2281, 2262, 418, 0.65%, 0, 2, 4, 13.31, 52233, 54899
8083, 0, 534, 2282, 2263, 418, 0.65%, 0, 2, 4, 13.28, 52301, 54900
8088, 0, 534, 2282, 2263, 418, 0.65%, 0, 2, 4, 13.75, 52371, 54900
8093, 0, 534, 2283, 2264, 418, 0.65%, 0, 2, 4, 13.63, 52439, 54900
8099, 0, 534, 2285, 2266, 418, 0.65%, 0, 2, 4, 12.98, 52492, 54901
8104, 0, 534, 2286, 2267, 418, 0.65%, 0, 2, 4, 11.74, 52548, 54901
8110, 0, 534, 2287, 2268, 418, 0.65%, 0, 2, 4, 11.46, 52596, 54903
8115, 0, 534, 2288, 2269, 418, 0.65%, 0, 2, 4, 11.90, 52655, 54904
8120, 0, 534, 2288, 2269, 418, 0.65%, 0, 2, 4, 10.96, 52704, 54904
8126, 0, 534, 2288, 2269, 418, 0.65%, 0, 2, 4, 11.04, 52758, 54904
8131, 0, 534, 2291, 2272, 418, 0.65%, 0, 2, 4, 10.65, 52816, 54906
8136, 0, 534, 2292, 2273, 418, 0.65%, 0, 2, 4, 12.01, 52878, 54906
8141, 0, 534, 2292, 2273, 418, 0.65%, 0, 2, 4, 10.31, 52927, 54906
8146, 0, 534, 2293, 2274, 418, 0.65%, 0, 2, 4, 10.99, 52987, 54906
8151, 0, 534, 2293, 2274, 418, 0.65%, 0, 2, 4, 10.77, 53041, 54906
8156, 0, 534, 2293, 2274, 418, 0.65%, 0, 2, 4, 11.02, 53095, 54906
8162, 0, 534, 2293, 2274, 418, 0.65%, 0, 2, 4, 11.36, 53152, 54906
8167, 0, 534, 2294, 2275, 418, 0.65%, 0, 2, 4, 10.22, 53206, 54906
8172, 0, 534, 2294, 2275, 418, 0.65%, 0, 2, 4, 10.98, 53263, 54906
8177, 0, 534, 2295, 2276, 418, 0.65%, 0, 2, 4, 10.66, 53317, 54906
8182, 0, 534, 2295, 2276, 418, 0.65%, 0, 2, 4, 11.17, 53374, 54906
8188, 0, 534, 2295, 2276, 418, 0.65%, 0, 2, 4, 11.04, 53430, 54906
8193, 0, 534, 2295, 2276, 418, 0.65%, 0, 2, 4, 11.84, 53489, 54906
8198, 0, 534, 2295, 2276, 418, 0.65%, 0, 2, 4, 10.17, 53541, 54906
8203, 0, 534, 2295, 2276, 418, 0.65%, 0, 2, 4, 10.57, 53598, 54906
8208, 0, 534, 2295, 2276, 418, 0.65%, 0, 2, 4, 10.65, 53653, 54906
8213, 0, 534, 2295, 2276, 418, 0.65%, 0, 2, 4, 9.99, 53702, 54906
8219, 0, 534, 2296, 2277, 418, 0.65%, 0, 2, 4, 11.55, 53769, 54907
8224, 0, 534, 2296, 2277, 418, 0.65%, 0, 2, 4, 10.15, 53819, 54907
8229, 0, 534, 2297, 2278, 418, 0.65%, 0, 2, 4, 11.19, 53877, 54908
8235, 0, 534, 2297, 2278, 418, 0.65%, 0, 2, 4, 10.66, 53928, 54908
8240, 0, 534, 2297, 2278, 418, 0.65%, 0, 2, 4, 10.71, 53978, 54908
8245, 0, 534, 2298, 2279, 418, 0.65%, 0, 2, 4, 11.10, 54035, 54908
8250, 0, 534, 2298, 2279, 418, 0.65%, 0, 2, 4, 10.88, 54087, 54908
8255, 0, 534, 2299, 2280, 418, 0.65%, 0, 2, 4, 11.26, 54145, 54909
8260, 0, 534, 2299, 2280, 418, 0.65%, 0, 2, 4, 11.09, 54199, 54909
8265, 0, 186, 2299, 2279, 428, 0.65%, 0, 2, 4, 14.66, 54272, 54909
8271, 0, 186, 2301, 2281, 428, 0.65%, 0, 2, 4, 14.78, 54355, 54909
8276, 0, 186, 2302, 2282, 428, 0.65%, 0, 2, 4, 13.68, 54421, 54910
8282, 0, 186, 2304, 2284, 428, 0.65%, 0, 2, 4, 12.93, 54482, 54910
8287, 0, 186, 2305, 2285, 428, 0.65%, 0, 2, 4, 11.76, 54540, 54910
8293, 0, 186, 2307, 2287, 428, 0.65%, 0, 2, 4, 11.44, 54591, 54913
8298, 0, 186, 2309, 2289, 428, 0.65%, 0, 2, 4, 10.80, 54632, 54913
8303, 0, 186, 2309, 2289, 428, 0.65%, 0, 2, 4, 11.16, 54689, 54913
8308, 0, 186, 2309, 2289, 428, 0.65%, 0, 2, 4, 12.14, 54752, 54913
8313, 0, 186, 2310, 2290, 428, 0.65%, 0, 2, 4, 11.59, 54801, 54913
8318, 0, 186, 2311, 2291, 428, 0.65%, 0, 2, 4, 11.77, 54862, 54913
8323, 0, 186, 2311, 2291, 428, 0.65%, 0, 2, 4, 11.45, 54920, 54913
8329, 0, 186, 2311, 2291, 428, 0.65%, 0, 2, 4, 10.90, 54977, 54913
8334, 0, 186, 2312, 2292, 428, 0.65%, 0, 2, 4, 9.93, 55030, 54913
8339, 0, 186, 2313, 2293, 428, 0.65%, 0, 2, 4, 10.60, 55083, 54913
8345, 0, 186, 2314, 2294, 428, 0.65%, 0, 2, 4, 11.17, 55142, 54913
8350, 0, 186, 2315, 2295, 428, 0.65%, 0, 2, 4, 10.72, 55195, 54917
8355, 0, 186, 2316, 2296, 428, 0.65%, 0, 2, 4, 11.28, 55253, 54917
8361, 0, 186, 2317, 2297, 428, 0.65%, 0, 2, 4, 11.43, 55319, 54917
8366, 0, 186, 2318, 2298, 428, 0.65%, 0, 2, 4, 12.12, 55383, 54917
8371, 0, 186, 2318, 2298, 428, 0.65%, 0, 2, 4, 12.95, 55449, 54917
8376, 0, 186, 2319, 2299, 428, 0.65%, 0, 2, 4, 13.57, 55520, 54918
8382, 0, 198, 2319, 2298, 431, 0.65%, 0, 2, 4, 13.34, 55581, 54918
8387, 0, 198, 2319, 2298, 431, 0.65%, 0, 2, 4, 13.50, 55650, 54918
8392, 0, 198, 2321, 2300, 431, 0.65%, 0, 2, 4, 13.65, 55727, 54918
8397, 0, 198, 2323, 2302, 431, 0.65%, 0, 2, 4, 13.45, 55786, 54919
8403, 0, 198, 2325, 2304, 431, 0.65%, 0, 2, 4, 13.09, 55846, 54921
8408, 0, 198, 2328, 2307, 431, 0.65%, 0, 2, 4, 12.70, 55902, 54921
8413, 0, 198, 2329, 2308, 431, 0.65%, 0, 2, 4, 13.17, 55965, 54921
8418, 0, 198, 2329, 2308, 431, 0.65%, 0, 2, 4, 13.39, 56034, 54921
8423, 0, 198, 2331, 2310, 431, 0.65%, 0, 2, 4, 13.32, 56101, 54923
8428, 0, 198, 2331, 2310, 431, 0.65%, 0, 2, 4, 13.40, 56170, 54923
8433, 0, 198, 2331, 2310, 431, 0.65%, 0, 2, 4, 13.33, 56239, 54923
8438, 0, 198, 2331, 2310, 431, 0.65%, 0, 2, 4, 13.46, 56308, 54923
8444, 0, 198, 2332, 2311, 431, 0.65%, 0, 2, 4, 13.26, 56371, 54923
8449, 0, 198, 2332, 2311, 431, 0.65%, 0, 2, 4, 13.39, 56440, 54923
8454, 0, 198, 2332, 2311, 431, 0.65%, 0, 2, 4, 13.50, 56509, 54923
8459, 0, 198, 2332, 2311, 431, 0.65%, 0, 2, 4, 13.48, 56578, 54923
8464, 0, 198, 2332, 2311, 431, 0.65%, 0, 2, 4, 13.64, 56647, 54923
8469, 0, 198, 2332, 2311, 431, 0.65%, 0, 2, 4, 13.46, 56716, 54923
8474, 0, 198, 2332, 2311, 431, 0.65%, 0, 2, 4, 13.66, 56785, 54923
8479, 0, 198, 2333, 2312, 431, 0.65%, 0, 2, 4, 13.31, 56847, 54924
8484, 0, 198, 2334, 2313, 431, 0.65%, 0, 2, 4, 13.58, 56918, 54924
8491, 0, 198, 2336, 2315, 431, 0.65%, 0, 2, 4, 12.94, 56990, 54924
8496, 0, 198, 2338, 2317, 431, 0.65%, 0, 2, 4, 12.64, 57040, 54924
8503, 0, 198, 2339, 2318, 431, 0.65%, 0, 2, 4, 11.44, 57107, 54924
8508, 0, 198, 2340, 2319, 431, 0.65%, 0, 2, 4, 10.85, 57164, 54926
8513, 0, 198, 2340, 2319, 431, 0.65%, 0, 2, 4, 11.60, 57225, 54926
8519, 0, 198, 2341, 2320, 431, 0.65%, 0, 2, 4, 11.79, 57283, 54926
8526, 0, 198, 2343, 2322, 431, 0.65%, 0, 2, 4, 11.46, 57347, 54926
8531, 0, 198, 2343, 2322, 431, 0.65%, 0, 2, 4, 11.48, 57407, 54926
8536, 0, 198, 2343, 2322, 431, 0.65%, 0, 2, 4, 11.41, 57465, 54926
8541, 0, 198, 2343, 2322, 431, 0.65%, 0, 2, 4, 11.62, 57527, 54926
8546, 0, 198, 2344, 2323, 431, 0.65%, 0, 2, 4, 11.69, 57587, 54926
8551, 0, 198, 2344, 2323, 431, 0.65%, 0, 2, 4, 12.02, 57648, 54926
8556, 0, 198, 2344, 2323, 431, 0.65%, 0, 2, 4, 12.47, 57711, 54926
8561, 0, 198, 2344, 2323, 431, 0.65%, 0, 2, 4, 12.29, 57773, 54926
8567, 0, 198, 2344, 2323, 431, 0.65%, 0, 2, 4, 11.77, 57833, 54926
8572, 0, 198, 2345, 2324, 431, 0.65%, 0, 2, 4, 12.80, 57899, 54926
8577, 0, 1290, 2346, 2324, 434, 0.65%, 0, 2, 4, 13.63, 57968, 54926
8582, 0, 1290, 2346, 2324, 434, 0.65%, 0, 2, 4, 14.36, 58046, 54926
8587, 0, 1290, 2347, 2325, 434, 0.65%, 0, 2, 4, 13.67, 58112, 54926
8592, 0, 1290, 2348, 2326, 434, 0.65%, 0, 2, 4, 14.13, 58182, 54927
8597, 0, 1315, 2348, 2325, 433, 0.65%, 0, 2, 4, 13.03, 58247, 54927
8602, 0, 1315, 2348, 2325, 433, 0.65%, 0, 2, 4, 13.61, 58318, 54927
8608, 0, 1315, 2348, 2325, 433, 0.65%, 0, 2, 4, 14.16, 58392, 54927
8613, 0, 1315, 2348, 2325, 433, 0.65%, 0, 2, 4, 14.03, 58462, 54927
8619, 0, 1315, 2352, 2329, 433, 0.65%, 0, 2, 4, 13.57, 58534, 54928
8624, 0, 1315, 2355, 2332, 433, 0.65%, 0, 2, 4, 13.35, 58600, 54929
8629, 0, 1315, 2356, 2333, 433, 0.65%, 0, 2, 4, 13.27, 58664, 54930
8635, 0, 1315, 2358, 2335, 433, 0.65%, 0, 2, 4, 13.52, 58739, 54930
8640, 0, 1315, 2359, 2336, 433, 0.65%, 0, 2, 4, 13.65, 58809, 54931
8646, 0, 1315, 2362, 2339, 433, 0.65%, 0, 2, 4, 13.69, 58889, 54931
8651, 0, 1315, 2363, 2340, 433, 0.65%, 0, 2, 4, 13.47, 58958, 54931
8656, 0, 1315, 2365, 2342, 433, 0.65%, 0, 2, 4, 13.44, 59026, 54931
8661, 0, 1315, 2365, 2342, 433, 0.65%, 0, 2, 4, 13.44, 59095, 54931
8666, 0, 1315, 2366, 2343, 433, 0.65%, 0, 2, 4, 13.61, 59163, 54931
8671, 0, 1315, 2367, 2344, 433, 0.65%, 0, 2, 4, 13.67, 59231, 54931
8677, 0, 1315, 2369, 2346, 433, 0.65%, 0, 2, 4, 13.52, 59299, 54933
8682, 0, 1315, 2370, 2347, 433, 0.65%, 0, 2, 4, 13.43, 59366, 54933
8687, 0, 1315, 2370, 2347, 433, 0.65%, 0, 2, 4, 13.66, 59435, 54933
8692, 0, 1315, 2370, 2347, 433, 0.65%, 0, 2, 4, 13.48, 59504, 54933
8698, 0, 1315, 2371, 2348, 433, 0.65%, 0, 2, 4, 13.46, 59580, 54933
8703, 0, 1315, 2372, 2349, 433, 0.65%, 0, 2, 4, 13.48, 59648, 54933
8708, 0, 1315, 2373, 2350, 433, 0.65%, 0, 2, 4, 13.50, 59717, 54936
8713, 0, 1315, 2375, 2352, 433, 0.65%, 0, 2, 4, 13.42, 59788, 54936
8718, 0, 1315, 2376, 2353, 433, 0.65%, 0, 2, 4, 13.56, 59857, 54936
8724, 0, 1315, 2378, 2355, 433, 0.65%, 0, 2, 4, 13.39, 59932, 54938
8729, 0, 1315, 2378, 2355, 433, 0.65%, 0, 2, 4, 13.46, 60001, 54938
8734, 0, 2189, 2378, 2354, 436, 0.65%, 0, 2, 4, 13.22, 60065, 54938
8739, 0, 2189, 2378, 2354, 436, 0.65%, 0, 2, 4, 13.46, 60134, 54938
8744, 0, 2189, 2378, 2354, 436, 0.65%, 0, 2, 4, 13.56, 60203, 54938
8750, 0, 2189, 2379, 2355, 436, 0.65%, 0, 2, 4, 13.46, 60272, 54938
8755, 0, 2189, 2379, 2355, 436, 0.65%, 0, 2, 4, 13.52, 60341, 54938
8760, 0, 2189, 2380, 2356, 436, 0.65%, 0, 2, 4, 13.42, 60408, 54938
8765, 0, 1671, 2380, 2355, 435, 0.65%, 0, 2, 4, 13.16, 60474, 54938
8770, 0, 1671, 2381, 2356, 435, 0.65%, 0, 2, 4, 13.38, 60543, 54938
8775, 0, 1671, 2381, 2356, 435, 0.65%, 0, 2, 4, 13.52, 60612, 54938
8780, 0, 2281, 2381, 2355, 434, 0.65%, 0, 2, 4, 13.21, 60677, 54938
8785, 0, 2281, 2381, 2355, 434, 0.65%, 0, 2, 4, 13.43, 60746, 54938
8790, 0, 2281, 2381, 2355, 434, 0.65%, 0, 2, 4, 13.32, 60815, 54938
8796, 0, 2281, 2381, 2355, 434, 0.65%, 0, 2, 4, 13.53, 60884, 54938
8801, 0, 2281, 2381, 2355, 434, 0.65%, 0, 2, 4, 13.45, 60953, 54938
8806, 0, 2281, 2381, 2355, 434, 0.65%, 0, 2, 4, 13.40, 61022, 54938
8811, 0, 2281, 2381, 2355, 434, 0.65%, 0, 2, 4, 13.43, 61091, 54938
8816, 0, 2281, 2381, 2355, 434, 0.65%, 0, 2, 4, 13.60, 61161, 54938
8821, 0, 1960, 2381, 2354, 433, 0.65%, 0, 2, 4, 13.50, 61230, 54938
8826, 0, 1960, 2381, 2354, 433, 0.65%, 0, 2, 4, 13.57, 61299, 54938
8831, 0, 1960, 2381, 2354, 433, 0.65%, 0, 2, 4, 13.57, 61368, 54938
8836, 0, 1960, 2381, 2354, 433, 0.65%, 0, 2, 4, 13.68, 61437, 54938
8842, 0, 1960, 2381, 2354, 433, 0.65%, 0, 2, 4, 13.60, 61506, 54938
8847, 0, 1960, 2381, 2354, 433, 0.65%, 0, 2, 4, 13.59, 61575, 54938
8852, 0, 1960, 2381, 2354, 433, 0.65%, 0, 2, 4, 13.59, 61644, 54938
8857, 0, 1586, 2381, 2353, 432, 0.65%, 0, 2, 4, 12.69, 61709, 54938
8862, 0, 1586, 2381, 2353, 432, 0.65%, 0, 2, 4, 11.66, 61767, 54938
8867, 0, 1586, 2381, 2353, 432, 0.65%, 0, 2, 4, 11.68, 61826, 54938
8872, 0, 1586, 2383, 2355, 432, 0.66%, 0, 2, 4, 12.02, 61880, 54946
8877, 0, 1586, 2386, 2358, 432, 0.66%, 0, 2, 4, 12.27, 61939, 54946
8882, 0, 1586, 2388, 2360, 432, 0.66%, 0, 2, 4, 11.92, 61989, 54947
8888, 0, 1586, 2390, 2362, 432, 0.66%, 0, 2, 4, 12.07, 62050, 54947
8893, 0, 1586, 2391, 2363, 432, 0.66%, 0, 2, 4, 12.40, 62108, 54949
8898, 0, 1586, 2392, 2364, 432, 0.66%, 0, 2, 4, 12.41, 62165, 54950
8903, 0, 1586, 2394, 2366, 432, 0.66%, 0, 2, 4, 12.50, 62229, 54950
8908, 0, 1586, 2395, 2367, 432, 0.66%, 0, 2, 4, 12.71, 62293, 54950
8914, 0, 1586, 2398, 2370, 432, 0.66%, 0, 2, 4, 12.54, 62357, 54950
8919, 0, 1586, 2399, 2371, 432, 0.66%, 0, 2, 4, 12.51, 62419, 54950
8924, 0, 1586, 2399, 2371, 432, 0.66%, 0, 2, 4, 12.34, 62482, 54950
8929, 0, 1586, 2401, 2373, 432, 0.66%, 0, 2, 4, 12.13, 62535, 54950
8934, 0, 1586, 2401, 2373, 432, 0.66%, 0, 2, 4, 12.01, 62596, 54950
8940, 0, 1586, 2403, 2375, 432, 0.66%, 0, 2, 4, 11.88, 62648, 54950
8946, 0, 1586, 2405, 2377, 432, 0.66%, 0, 2, 4, 12.17, 62717, 54950
8951, 0, 1586, 2406, 2378, 432, 0.66%, 0, 2, 4, 12.22, 62779, 54950
8956, 0, 1586, 2406, 2378, 432, 0.66%, 0, 2, 4, 12.47, 62844, 54950
8961, 0, 1586, 2406, 2378, 432, 0.66%, 0, 2, 4, 12.40, 62906, 54950
8966, 0, 1586, 2407, 2379, 432, 0.66%, 0, 2, 4, 12.07, 62969, 54950
8971, 0, 1586, 2407, 2379, 432, 0.66%, 0, 2, 4, 12.18, 63031, 54950
8976, 0, 1586, 2407, 2379, 432, 0.66%, 0, 2, 4, 12.30, 63094, 54950
8981, 0, 1586, 2408, 2380, 432, 0.66%, 0, 2, 4, 12.11, 63155, 54951
8986, 0, 1586, 2408, 2380, 432, 0.66%, 0, 2, 4, 12.51, 63218, 54951
8992, 0, 1586, 2408, 2380, 432, 0.66%, 0, 2, 4, 12.23, 63279, 54951
8997, 0, 1586, 2409, 2381, 432, 0.66%, 0, 2, 4, 12.50, 63337, 54951
9002, 0, 1586, 2409, 2381, 432, 0.66%, 0, 2, 4, 12.73, 63403, 54951
9007, 0, 1586, 2410, 2382, 432, 0.66%, 0, 2, 4, 12.35, 63472, 54951
9013, 0, 1586, 2411, 2383, 432, 0.66%, 0, 2, 4, 12.25, 63529, 54952
9018, 0, 1586, 2411, 2383, 432, 0.66%, 0, 2, 4, 12.23, 63592, 54952
9023, 0, 1586, 2411, 2383, 432, 0.66%, 0, 2, 4, 12.74, 63658, 54952
9028, 0, 1586, 2412, 2384, 432, 0.66%, 0, 2, 4, 12.41, 63718, 54952
9033, 0, 1586, 2412, 2384, 432, 0.66%, 0, 2, 4, 13.03, 63784, 54952
9038, 0, 1586, 2412, 2384, 432, 0.66%, 0, 2, 4, 12.88, 63849, 54952
9043, 0, 1586, 2412, 2384, 432, 0.66%, 0, 2, 4, 13.27, 63918, 54952
9049, 0, 707, 2412, 2383, 435, 0.66%, 0, 2, 4, 13.34, 63984, 54952
9054, 0, 707, 2412, 2383, 435, 0.66%, 0, 2, 4, 13.55, 64052, 54952
9059, 0, 707, 2414, 2385, 435, 0.66%, 0, 2, 4, 13.28, 64116, 54952
9064, 0, 707, 2414, 2385, 435, 0.66%, 0, 2, 4, 13.49, 64185, 54952
9069, 0, 707, 2415, 2386, 435, 0.66%, 0, 2, 4, 13.64, 64255, 54953
9074, 0, 793, 2415, 2385, 434, 0.66%, 0, 2, 4, 12.79, 64322, 54953
9079, 0, 793, 2415, 2385, 434, 0.66%, 0, 2, 4, 17.89, 64417, 54953
9085, 0, 793, 2416, 2386, 434, 0.66%, 0, 2, 4, 16.50, 64504, 54954
9090, 0, 793, 2416, 2386, 434, 0.66%, 0, 2, 4, 14.30, 64575, 54954
9096, 0, 793, 2418, 2388, 434, 0.66%, 0, 2, 4, 13.76, 64643, 54954
9101, 0, 793, 2418, 2388, 434, 0.66%, 0, 2, 4, 13.73, 64713, 54954
9106, 0, 793, 2419, 2389, 434, 0.66%, 0, 2, 4, 13.60, 64786, 54954
9111, 0, 1169, 2419, 2388, 434, 0.66%, 0, 2, 4, 11.90, 64841, 54954
9116, 0, 1169, 2419, 2388, 434, 0.66%, 0, 2, 4, 11.24, 64898, 54954
9121, 0, 1169, 2419, 2388, 434, 0.66%, 0, 2, 4, 12.13, 64960, 54954
9126, 0, 1169, 2420, 2389, 434, 0.66%, 0, 2, 4, 13.14, 65030, 54954
9132, 0, 1169, 2420, 2389, 434, 0.66%, 0, 2, 4, 13.41, 65099, 54954
9137, 0, 2066, 2420, 2388, 433, 0.66%, 0, 2, 4, 12.75, 65163, 54954
9142, 0, 2066, 2420, 2388, 433, 0.66%, 0, 2, 4, 13.45, 65232, 54954
9147, 0, 2066, 2421, 2389, 433, 0.66%, 0, 2, 4, 13.49, 65300, 54954
9153, 0, 2066, 2423, 2391, 433, 0.66%, 0, 2, 4, 13.33, 65377, 54968
9158, 0, 2066, 2425, 2393, 433, 0.66%, 0, 2, 4, 13.35, 65447, 54968
9163, 0, 2066, 2427, 2395, 433, 0.66%, 0, 2, 4, 13.40, 65512, 54968
9168, 0, 2066, 2428, 2396, 433, 0.66%, 0, 2, 4, 13.45, 65580, 54968
9173, 0, 2066, 2428, 2396, 433, 0.66%, 0, 2, 4, 13.43, 65649, 54968
9179, 0, 2066, 2428, 2396, 433, 0.66%, 0, 2, 4, 13.45, 65718, 54968
9184, 0, 2066, 2428, 2396, 433, 0.66%, 0, 2, 4, 13.46, 65787, 54968
9189, 0, 2066, 2428, 2396, 433, 0.66%, 0, 2, 4, 13.49, 65856, 54968
9194, 0, 2066, 2431, 2399, 433, 0.66%, 0, 2, 4, 13.29, 65922, 54980
9199, 0, 2066, 2433, 2401, 433, 0.66%, 0, 2, 4, 13.22, 65989, 54980
9204, 0, 2066, 2434, 2402, 433, 0.66%, 0, 2, 4, 13.41, 66057, 54980
9210, 0, 2066, 2435, 2403, 433, 0.66%, 0, 2, 4, 13.41, 66126, 54980
9216, 0, 2066, 2436, 2404, 433, 0.66%, 0, 2, 4, 13.40, 66206, 54980
9221, 0, 2066, 2437, 2405, 433, 0.66%, 0, 2, 4, 13.45, 66274, 54980
9226, 0, 2066, 2438, 2406, 433, 0.66%, 0, 2, 4, 13.41, 66341, 54981
9231, 0, 2066, 2438, 2406, 433, 0.66%, 0, 2, 4, 13.34, 66410, 54981
9237, 0, 2066, 2439, 2407, 433, 0.66%, 0, 2, 4, 13.09, 66482, 54982
9242, 0, 2066, 2440, 2408, 433, 0.66%, 0, 2, 4, 13.19, 66548, 54983
9247, 0, 2066, 2440, 2408, 433, 0.66%, 0, 2, 4, 13.45, 66617, 54983
9252, 0, 2066, 2440, 2408, 433, 0.66%, 0, 2, 4, 13.46, 66686, 54983
9257, 0, 2066, 2441, 2409, 433, 0.66%, 0, 2, 4, 13.57, 66754, 54984
9262, 0, 2066, 2441, 2409, 433, 0.66%, 0, 2, 4, 13.46, 66822, 54984
9267, 0, 2066, 2442, 2410, 433, 0.66%, 0, 2, 4, 13.44, 66889, 54984
9272, 0, 2095, 2442, 2409, 438, 0.66%, 0, 2, 4, 13.28, 66946, 54984
9277, 0, 2095, 2442, 2409, 438, 0.66%, 0, 2, 4, 13.45, 67015, 54984
9282, 0, 2095, 2442, 2409, 438, 0.66%, 0, 2, 4, 13.45, 67084, 54984
9288, 0, 2133, 2442, 2408, 437, 0.66%, 0, 2, 4, 13.63, 67155, 54984
9293, 0, 2133, 2442, 2408, 437, 0.66%, 0, 2, 4, 12.51, 67216, 54984
9298, 0, 2133, 2442, 2408, 437, 0.66%, 0, 2, 4, 12.46, 67279, 54984
9303, 0, 2133, 2442, 2408, 437, 0.66%, 0, 2, 4, 12.19, 67339, 54984
9308, 0, 2133, 2442, 2408, 437, 0.66%, 0, 2, 4, 13.14, 67408, 54984
9313, 0, 2133, 2442, 2408, 437, 0.66%, 0, 2, 4, 13.31, 67475, 54984
9318, 0, 2133, 2442, 2408, 437, 0.66%, 0, 2, 4, 13.16, 67544, 54984
9323, 0, 2133, 2442, 2408, 437, 0.66%, 0, 2, 4, 13.35, 67611, 54984
9328, 0, 2133, 2442, 2408, 437, 0.66%, 0, 2, 4, 13.74, 67684, 54984
9333, 0, 353, 2443, 2408, 436, 0.66%, 0, 2, 4, 14.33, 67753, 54984
9338, 0, 353, 2444, 2409, 436, 0.66%, 0, 2, 4, 14.71, 67830, 54984
9343, 0, 353, 2446, 2411, 436, 0.66%, 0, 2, 4, 14.19, 67902, 54985
9349, 0, 353, 2447, 2412, 436, 0.66%, 0, 2, 4, 14.01, 67971, 54986
9354, 0, 353, 2447, 2412, 436, 0.66%, 0, 2, 4, 13.75, 68039, 54986
9359, 0, 353, 2448, 2413, 436, 0.66%, 0, 2, 4, 13.52, 68107, 54986
9364, 0, 1775, 2449, 2413, 437, 0.66%, 0, 2, 4, 13.66, 68170, 54986
9369, 0, 1775, 2449, 2413, 437, 0.66%, 0, 2, 4, 13.60, 68239, 54986
9374, 0, 1775, 2449, 2413, 437, 0.66%, 0, 2, 4, 13.50, 68308, 54986
9379, 0, 1775, 2451, 2415, 437, 0.66%, 0, 2, 4, 13.30, 68378, 54986
9385, 0, 1775, 2451, 2415, 437, 0.66%, 0, 2, 4, 13.50, 68447, 54986
9390, 0, 1775, 2451, 2415, 437, 0.66%, 0, 2, 4, 13.46, 68516, 54986
9395, 0, 305, 2451, 2414, 436, 0.66%, 0, 2, 4, 13.00, 68580, 54986
9400, 0, 305, 2451, 2414, 436, 0.66%, 0, 2, 4, 12.33, 68642, 54986
9405, 0, 305, 2451, 2414, 436, 0.66%, 0, 2, 4, 11.85, 68701, 54986
9410, 0, 305, 2453, 2416, 436, 0.66%, 0, 2, 4, 11.95, 68762, 54986
9416, 0, 305, 2455, 2418, 436, 0.66%, 0, 2, 4, 12.83, 68830, 54986
9421, 0, 305, 2456, 2419, 436, 0.66%, 0, 2, 4, 12.87, 68890, 54989
9427, 0, 305, 2459, 2422, 436, 0.66%, 0, 2, 4, 12.59, 68953, 55001
9432, 0, 305, 2462, 2425, 436, 0.66%, 0, 2, 4, 12.64, 69016, 55001
9438, 0, 305, 2465, 2428, 436, 0.66%, 0, 2, 4, 12.76, 69083, 55002
9443, 0, 305, 2466, 2429, 436, 0.66%, 0, 2, 4, 12.69, 69147, 55003
9448, 0, 305, 2468, 2431, 436, 0.66%, 0, 2, 4, 12.64, 69204, 55004
9454, 0, 305, 2470, 2433, 436, 0.66%, 0, 2, 4, 12.49, 69267, 55010
9459, 0, 305, 2472, 2435, 436, 0.66%, 0, 2, 4, 12.56, 69328, 55013
9464, 0, 305, 2472, 2435, 436, 0.66%, 0, 2, 4, 12.80, 69393, 55013
9471, 0, 305, 2474, 2437, 436, 0.66%, 0, 2, 4, 12.60, 69471, 55018
9476, 0, 305, 2476, 2439, 436, 0.66%, 0, 2, 4, 12.45, 69528, 55018
9481, 0, 305, 2476, 2439, 436, 0.66%, 0, 2, 4, 12.83, 69594, 55018
9486, 0, 305, 2477, 2440, 436, 0.66%, 0, 2, 4, 12.85, 69655, 55021
9492, 0, 305, 2478, 2441, 436, 0.66%, 0, 2, 4, 12.78, 69721, 55022
9497, 0, 305, 2478, 2441, 436, 0.66%, 0, 2, 4, 12.66, 69786, 55022
9502, 0, 305, 2478, 2441, 436, 0.66%, 0, 2, 4, 12.87, 69852, 55022
9509, 0, 305, 2479, 2442, 436, 0.66%, 0, 2, 4, 12.80, 69927, 55023
9514, 0, 305, 2481, 2444, 436, 0.66%, 0, 2, 4, 12.46, 69983, 55024
9519, 0, 305, 2481, 2444, 436, 0.66%, 0, 2, 4, 12.35, 70045, 55024
9524, 0, 305, 2482, 2445, 436, 0.66%, 0, 2, 4, 12.62, 70112, 55024
9530, 0, 305, 2483, 2446, 436, 0.66%, 0, 2, 4, 12.80, 70177, 55024
9535, 0, 305, 2484, 2447, 436, 0.66%, 0, 2, 4, 12.65, 70232, 55025
9540, 0, 305, 2485, 2448, 436, 0.66%, 0, 2, 4, 12.94, 70292, 55026
9545, 0, 305, 2486, 2449, 436, 0.66%, 0, 2, 4, 13.13, 70355, 55027
9550, 0, 305, 2486, 2449, 436, 0.66%, 0, 2, 4, 13.19, 70423, 55027
9555, 0, 305, 2486, 2449, 436, 0.66%, 0, 2, 4, 13.41, 70492, 55027
9560, 0, 305, 2486, 2449, 436, 0.66%, 0, 2, 4, 13.45, 70561, 55027
9565, 0, 305, 2488, 2451, 436, 0.66%, 0, 2, 4, 12.95, 70617, 55027
9570, 0, 1744, 2488, 2450, 449, 0.66%, 0, 2, 4, 13.57, 70680, 55027
9576, 0, 1744, 2488, 2450, 449, 0.66%, 0, 2, 4, 13.59, 70749, 55027
9581, 0, 1744, 2488, 2450, 449, 0.66%, 0, 2, 4, 13.64, 70818, 55027
9586, 0, 1744, 2488, 2450, 449, 0.66%, 0, 2, 4, 13.61, 70887, 55027
9591, 0, 1744, 2489, 2451, 449, 0.66%, 0, 2, 4, 13.40, 70955, 55027
9596, 0, 1744, 2489, 2451, 449, 0.66%, 0, 2, 4, 13.88, 71025, 55027
9601, 0, 1744, 2489, 2451, 449, 0.66%, 0, 2, 4, 13.73, 71096, 55027
9607, 0, 1702, 2491, 2452, 448, 0.66%, 0, 2, 4, 13.45, 71168, 55027
9612, 0, 1702, 2491, 2452, 448, 0.66%, 0, 2, 4, 13.42, 71237, 55027
9617, 0, 1702, 2491, 2452, 448, 0.66%, 0, 2, 4, 13.49, 71306, 55027
9622, 0, 524, 2491, 2451, 447, 0.66%, 0, 2, 4, 13.67, 71373, 55027
9627, 0, 524, 2491, 2451, 447, 0.66%, 0, 2, 4, 18.18, 71471, 55027
9632, 0, 524, 2492, 2452, 447, 0.66%, 0, 2, 4, 17.00, 71552, 55027
9637, 0, 524, 2495, 2455, 447, 0.66%, 0, 2, 4, 15.28, 71618, 55027
9642, 0, 524, 2497, 2457, 447, 0.66%, 0, 2, 4, 14.37, 71685, 55027
9647, 0, 524, 2498, 2458, 447, 0.66%, 0, 2, 4, 14.65, 71759, 55027
9653, 0, 524, 2501, 2461, 447, 0.66%, 0, 2, 4, 14.03, 71837, 55027
9658, 0, 524, 2501, 2461, 447, 0.66%, 0, 2, 4, 14.01, 71908, 55027
9663, 0, 524, 2501, 2461, 447, 0.66%, 0, 2, 4, 13.93, 71980, 55027
9669, 0, 524, 2501, 2461, 447, 0.66%, 0, 2, 4, 13.80, 72050, 55027
9674, 0, 524, 2501, 2461, 447, 0.66%, 0, 2, 4, 13.93, 72124, 55027
9679, 0, 524, 2501, 2461, 447, 0.66%, 0, 2, 4, 13.78, 72194, 55027
9684, 0, 524, 2501, 2461, 447, 0.66%, 0, 2, 4, 13.90, 72267, 55027
9689, 0, 524, 2502, 2462, 447, 0.66%, 0, 2, 4, 13.96, 72338, 55027
9694, 0, 524, 2502, 2462, 447, 0.66%, 0, 2, 4, 13.94, 72409, 55027
9699, 0, 524, 2504, 2464, 447, 0.66%, 0, 2, 4, 13.51, 72472, 55028
9704, 0, 524, 2504, 2464, 447, 0.66%, 0, 2, 4, 13.68, 72541, 55028
9709, 0, 524, 2505, 2465, 447, 0.66%, 0, 2, 4, 13.64, 72610, 55028
9715, 0, 524, 2506, 2466, 447, 0.66%, 0, 2, 4, 13.58, 72683, 55028
9720, 0, 524, 2506, 2466, 447, 0.66%, 0, 2, 4, 14.06, 72755, 55028
9725, 0, 524, 2506, 2466, 447, 0.66%, 0, 2, 4, 14.29, 72828, 55028
9730, 0, 524, 2507, 2467, 447, 0.66%, 0, 2, 4, 14.09, 72897, 55029
9735, 0, 524, 2507, 2467, 447, 0.66%, 0, 2, 4, 13.63, 72968, 55029
9741, 0, 524, 2508, 2468, 447, 0.66%, 0, 2, 4, 13.55, 73036, 55029
9746, 0, 524, 2508, 2468, 447, 0.66%, 0, 2, 4, 13.12, 73102, 55029
9752, 0, 524, 2509, 2469, 447, 0.66%, 0, 2, 4, 13.27, 73181, 55029
9757, 0, 821, 2509, 2468, 448, 0.66%, 0, 2, 4, 11.54, 73233, 55029
9762, 0, 821, 2509, 2468, 448, 0.66%, 0, 2, 4, 12.59, 73299, 55029
9767, 0, 821, 2509, 2468, 448, 0.66%, 0, 2, 4, 12.93, 73368, 55029
9772, 0, 821, 2511, 2470, 448, 0.66%, 0, 2, 4, 12.84, 73425, 55029
9778, 0, 821, 2513, 2472, 448, 0.66%, 0, 2, 4, 12.99, 73502, 55029
9783, 0, 821, 2515, 2474, 448, 0.66%, 0, 2, 4, 13.07, 73564, 55029
9789, 0, 821, 2518, 2477, 448, 0.66%, 0, 2, 4, 13.21, 73631, 55029
9794, 0, 821, 2519, 2478, 448, 0.66%, 0, 2, 4, 13.48, 73700, 55029
9799, 0, 821, 2520, 2479, 448, 0.66%, 0, 2, 4, 13.45, 73769, 55029
9804, 0, 821, 2520, 2479, 448, 0.66%, 0, 2, 4, 13.35, 73838, 55029
9809, 0, 821, 2520, 2479, 448, 0.66%, 0, 2, 4, 13.44, 73907, 55029
9814, 0, 821, 2521, 2480, 448, 0.66%, 0, 2, 4, 13.27, 73969, 55029
9820, 0, 821, 2521, 2480, 448, 0.66%, 0, 2, 4, 13.44, 74038, 55029
9825, 0, 821, 2522, 2481, 448, 0.66%, 0, 2, 4, 13.55, 74110, 55029
9830, 0, 821, 2524, 2483, 448, 0.66%, 0, 2, 4, 13.37, 74175, 55030
9835, 0, 821, 2524, 2483, 448, 0.66%, 0, 2, 4, 13.30, 74244, 55030
9840, 0, 821, 2524, 2483, 448, 0.66%, 0, 2, 4, 13.54, 74313, 55030
9845, 0, 821, 2524, 2483, 448, 0.66%, 0, 2, 4, 13.35, 74382, 55030
9851, 0, 821, 2525, 2484, 448, 0.66%, 0, 2, 4, 13.02, 74445, 55030
9856, 0, 821, 2525, 2484, 448, 0.66%, 0, 2, 4, 13.41, 74514, 55030
9861, 0, 969, 2525, 2483, 449, 0.66%, 0, 2, 4, 12.94, 74580, 55030
9866, 0, 969, 2525, 2483, 449, 0.66%, 0, 2, 4, 13.77, 74652, 55030
9871, 0, 969, 2525, 2483, 449, 0.66%, 0, 2, 4, 13.85, 74722, 55030
9876, 0, 969, 2525, 2483, 449, 0.66%, 0, 2, 4, 13.81, 74794, 55030
9881, 0, 969, 2525, 2483, 449, 0.66%, 0, 2, 4, 13.01, 74859, 55030
9886, 0, 969, 2527, 2485, 449, 0.66%, 0, 2, 4, 13.93, 74929, 55030
9891, 0, 969, 2529, 2487, 449, 0.66%, 0, 2, 4, 13.72, 74996, 55030
9897, 0, 969, 2530, 2488, 449, 0.66%, 0, 2, 4, 13.29, 75068, 55030
9902, 0, 969, 2531, 2489, 449, 0.66%, 0, 2, 4, 13.73, 75138, 55030
9908, 0, 969, 2532, 2490, 449, 0.66%, 0, 2, 4, 13.69, 75209, 55030
9913, 0, 969, 2533, 2491, 449, 0.66%, 0, 2, 4, 13.53, 75277, 55032
9918, 0, 969, 2534, 2492, 449, 0.66%, 0, 2, 4, 13.45, 75345, 55032
9924, 0, 969, 2535, 2493, 449, 0.66%, 0, 2, 4, 13.18, 75417, 55032
9929, 0, 969, 2535, 2493, 449, 0.66%, 0, 2, 4, 13.52, 75487, 55032
9934, 0, 969, 2537, 2495, 449, 0.66%, 0, 2, 4, 13.27, 75556, 55033
9939, 0, 969, 2538, 2496, 449, 0.66%, 0, 2, 4, 13.62, 75627, 55033
9945, 0, 969, 2539, 2497, 449, 0.66%, 0, 2, 4, 13.60, 75697, 55033
9950, 0, 969, 2541, 2499, 449, 0.66%, 0, 2, 4, 13.47, 75765, 55034
9955, 0, 969, 2542, 2500, 449, 0.66%, 0, 2, 4, 13.49, 75839, 55034
9960, 0, 969, 2543, 2501, 449, 0.66%, 0, 2, 4, 13.37, 75907, 55034
9965, 0, 969, 2543, 2501, 449, 0.66%, 0, 2, 4, 13.33, 75976, 55034
9971, 0, 969, 2544, 2502, 449, 0.66%, 0, 2, 4, 13.51, 76045, 55034
9976, 0, 969, 2544, 2502, 449, 0.66%, 0, 2, 4, 13.51, 76114, 55034
9981, 0, 969, 2544, 2502, 449, 0.66%, 0, 2, 4, 13.39, 76182, 55034
9987, 0, 969, 2546, 2504, 449, 0.66%, 0, 2, 4, 13.30, 76257, 55034
9992, 0, 969, 2548, 2506, 449, 0.66%, 0, 2, 4, 13.29, 76325, 55034
9997, 0, 969, 2548, 2506, 449, 0.66%, 0, 2, 4, 13.46, 76394, 55034
10002, 0, 2075, 2548, 2505, 449, 0.66%, 0, 2, 4, 13.63, 76458, 55034
10007, 0, 2075, 2548, 2505, 449, 0.66%, 0, 2, 4, 13.54, 76527, 55034
10012, 0, 2075, 2549, 2506, 449, 0.66%, 0, 2, 4, 13.39, 76594, 55034
10018, 0, 2075, 2549, 2506, 449, 0.66%, 0, 2, 4, 13.28, 76663, 55034
10023, 0, 2075, 2550, 2507, 449, 0.66%, 0, 2, 4, 13.39, 76731, 55034
10028, 0, 1444, 2550, 2506, 448, 0.66%, 0, 2, 4, 15.36, 76806, 55034
10033, 0, 1444, 2550, 2506, 448, 0.66%, 0, 2, 4, 17.96, 76902, 55034
10038, 0, 1444, 2551, 2507, 448, 0.66%, 0, 2, 4, 15.37, 76975, 55034
10043, 0, 1444, 2551, 2507, 448, 0.66%, 0, 2, 4, 14.36, 77047, 55034
10048, 0, 1444, 2551, 2507, 448, 0.66%, 0, 2, 4, 13.95, 77119, 55034
10053, 0, 2070, 2551, 2506, 447, 0.66%, 0, 2, 4, 13.66, 77188, 55034
10058, 0, 2070, 2551, 2506, 447, 0.66%, 0, 2, 4, 13.65, 77257, 55034
10064, 0, 2070, 2551, 2506, 447, 0.66%, 0, 2, 4, 13.56, 77326, 55034
10069, 0, 2070, 2552, 2507, 447, 0.66%, 0, 2, 4, 13.44, 77395, 55036
10074, 0, 1929, 2552, 2506, 447, 0.66%, 0, 2, 4, 12.65, 77459, 55036
10079, 0, 1929, 2552, 2506, 447, 0.66%, 0, 2, 4, 13.27, 77528, 55036
10084, 0, 1929, 2552, 2506, 447, 0.66%, 0, 2, 4, 13.29, 77597, 55036
10089, 0, 1929, 2552, 2506, 447, 0.66%, 0, 2, 4, 13.32, 77666, 55036
10095, 0, 1929, 2553, 2507, 447, 0.66%, 0, 2, 4, 13.32, 77739, 55036
10100, 0, 1929, 2553, 2507, 447, 0.66%, 0, 2, 4, 13.00, 77804, 55036
10105, 0, 1929, 2553, 2507, 447, 0.66%, 0, 2, 4, 13.46, 77873, 55036
10110, 0, 2456, 2553, 2506, 446, 0.66%, 0, 2, 4, 12.71, 77937, 55036
10115, 0, 2456, 2553, 2506, 446, 0.66%, 0, 2, 4, 11.90, 77996, 55036
10120, 0, 2456, 2553, 2506, 446, 0.66%, 0, 2, 4, 11.66, 78054, 55036
10125, 0, 2456, 2553, 2506, 446, 0.66%, 0, 2, 4, 11.68, 78110, 55036
10132, 0, 2456, 2554, 2507, 446, 0.66%, 0, 2, 4, 12.57, 78190, 55036
10138, 0, 2456, 2555, 2508, 446, 0.66%, 0, 2, 4, 12.18, 78241, 55037
10143, 0, 2456, 2555, 2508, 446, 0.66%, 0, 2, 4, 12.94, 78310, 55037
10148, 0, 1843, 2555, 2507, 446, 0.66%, 0, 2, 4, 13.14, 78366, 55037
10153, 0, 1521, 2555, 2507, 446, 0.66%, 0, 2, 4, 14.23, 78439, 55037
10158, 0, 1521, 2555, 2507, 446, 0.66%, 0, 2, 4, 15.39, 78519, 55037
10163, 0, 1521, 2555, 2507, 446, 0.66%, 0, 2, 4, 15.38, 78598, 55037
10168, 0, 1521, 2555, 2507, 446, 0.66%, 0, 2, 4, 14.65, 78673, 55037
10173, 0, 1521, 2556, 2508, 446, 0.66%, 0, 2, 4, 13.67, 78736, 55037
10178, 0, 1521, 2557, 2509, 446, 0.66%, 0, 2, 4, 13.46, 78803, 55037
10183, 0, 1521, 2558, 2510, 446, 0.66%, 0, 2, 4, 13.26, 78866, 55038
10189, 0, 2414, 2558, 2509, 446, 0.66%, 0, 2, 4, 13.26, 78931, 55038
10194, 0, 2414, 2558, 2509, 446, 0.66%, 0, 2, 4, 13.45, 79000, 55038
10199, 0, 2414, 2558, 2509, 446, 0.66%, 0, 2, 4, 13.48, 79069, 55038
10204, 0, 2414, 2558, 2509, 446, 0.66%, 0, 2, 4, 13.51, 79138, 55038
10209, 0, 2414, 2558, 2509, 446, 0.66%, 0, 2, 4, 13.49, 79207, 55038
10214, 0, 2414, 2558, 2509, 446, 0.66%, 0, 2, 4, 13.51, 79276, 55038
10219, 0, 2414, 2558, 2509, 446, 0.66%, 0, 2, 4, 13.50, 79345, 55038
10224, 0, 2414, 2558, 2509, 446, 0.66%, 0, 2, 4, 13.55, 79416, 55038
10229, 0, 2414, 2558, 2509, 446, 0.66%, 0, 2, 4, 13.51, 79485, 55038
10234, 0, 1210, 2558, 2508, 445, 0.66%, 0, 2, 4, 16.07, 79565, 55038
10240, 0, 1210, 2558, 2508, 445, 0.66%, 0, 2, 4, 18.05, 79659, 55038
10245, 0, 1210, 2560, 2510, 445, 0.66%, 0, 2, 4, 17.25, 79743, 55039
10250, 0, 1210, 2562, 2512, 445, 0.66%, 0, 2, 4, 16.37, 79824, 55039
10255, 0, 1210, 2563, 2513, 445, 0.66%, 0, 2, 4, 15.06, 79897, 55040
10260, 0, 1210, 2563, 2513, 445, 0.66%, 0, 2, 4, 15.17, 79973, 55040
10265, 0, 1210, 2563, 2513, 445, 0.66%, 0, 2, 4, 14.96, 80049, 55040
10271, 0, 1210, 2566, 2516, 445, 0.66%, 0, 2, 4, 15.11, 80122, 55043
10276, 0, 1210, 2566, 2516, 445, 0.66%, 0, 2, 4, 15.97, 80205, 55043
10282, 0, 1210, 2567, 2517, 445, 0.66%, 0, 2, 4, 14.89, 80293, 55043
10287, 0, 1210, 2568, 2518, 445, 0.66%, 0, 2, 4, 15.24, 80370, 55043
10292, 0, 1210, 2568, 2518, 445, 0.66%, 0, 2, 4, 15.25, 80447, 55043
10297, 0, 1210, 2568, 2518, 445, 0.66%, 0, 2, 4, 15.03, 80522, 55043
10302, 0, 1210, 2568, 2518, 445, 0.66%, 0, 2, 4, 15.72, 80606, 55043
10307, 0, 1210, 2568, 2518, 445, 0.66%, 0, 2, 4, 15.04, 80684, 55043
10312, 0, 1210, 2568, 2518, 445, 0.66%, 0, 2, 4, 14.75, 80758, 55043
10318, 0, 1210, 2568, 2518, 445, 0.66%, 0, 2, 4, 15.21, 80839, 55043
10323, 0, 1210, 2568, 2518, 445, 0.66%, 0, 2, 4, 15.98, 80920, 55043
10328, 0, 1210, 2568, 2518, 445, 0.66%, 0, 2, 4, 15.46, 80999, 55043
10333, 0, 1210, 2568, 2518, 445, 0.66%, 0, 2, 4, 15.75, 81081, 55043
10338, 0, 1210, 2568, 2518, 445, 0.66%, 0, 2, 4, 14.56, 81155, 55043
10343, 0, 1210, 2569, 2519, 445, 0.66%, 0, 2, 4, 13.50, 81220, 55044
10348, 0, 1210, 2569, 2519, 445, 0.66%, 0, 2, 4, 13.46, 81289, 55044
10353, 0, 2139, 2570, 2519, 447, 0.66%, 0, 2, 4, 13.11, 81354, 55044
10358, 0, 2139, 2570, 2519, 447, 0.66%, 0, 2, 4, 13.51, 81424, 55044
10364, 0, 2139, 2570, 2519, 447, 0.66%, 0, 2, 4, 13.49, 81493, 55044
10369, 0, 2139, 2570, 2519, 447, 0.66%, 0, 2, 4, 13.50, 81562, 55044
10374, 0, 2139, 2570, 2519, 447, 0.66%, 0, 2, 4, 13.51, 81632, 55044
10379, 0, 2139, 2570, 2519, 447, 0.66%, 0, 2, 4, 13.45, 81701, 55044
10384, 0, 2139, 2570, 2519, 447, 0.66%, 0, 2, 4, 13.54, 81770, 55044
10389, 0, 2139, 2570, 2519, 447, 0.66%, 0, 2, 4, 13.19, 81837, 55044
10394, 0, 2139, 2570, 2519, 447, 0.66%, 0, 2, 4, 13.52, 81906, 55044
10399, 0, 2139, 2571, 2520, 447, 0.66%, 0, 2, 4, 13.45, 81974, 55044
10405, 0, 2138, 2571, 2519, 446, 0.66%, 0, 2, 4, 15.31, 82055, 55044
10410, 0, 2138, 2571, 2519, 446, 0.66%, 0, 2, 4, 16.34, 82144, 55044
10415, 0, 2138, 2571, 2519, 446, 0.66%, 0, 2, 4, 18.14, 82245, 55044
10420, 0, 2138, 2571, 2519, 446, 0.66%, 0, 2, 4, 17.92, 82336, 55044
10425, 0, 2138, 2572, 2520, 446, 0.66%, 0, 2, 4, 19.42, 82425, 55044
10430, 0, 2138, 2573, 2521, 446, 0.66%, 0, 2, 4, 16.11, 82493, 55044
10435, 0, 2138, 2573, 2521, 446, 0.66%, 0, 2, 4, 14.64, 82567, 55044
10440, 0, 2138, 2573, 2521, 446, 0.66%, 0, 2, 4, 13.80, 82636, 55044
10445, 0, 1942, 2573, 2520, 445, 0.66%, 0, 2, 4, 13.62, 82706, 55044
10451, 0, 1942, 2573, 2520, 445, 0.66%, 0, 2, 4, 13.57, 82775, 55044
10456, 0, 1942, 2573, 2520, 445, 0.66%, 0, 2, 4, 13.68, 82844, 55044
10461, 0, 1942, 2573, 2520, 445, 0.66%, 0, 2, 4, 13.55, 82913, 55044
10466, 0, 1942, 2573, 2520, 445, 0.66%, 0, 2, 4, 13.48, 82982, 55044
10471, 0, 1942, 2573, 2520, 445, 0.66%, 0, 2, 4, 13.52, 83051, 55044
10476, 0, 2164, 2573, 2519, 444, 0.66%, 0, 2, 4, 13.47, 83120, 55044
10481, 0, 2164, 2573, 2519, 444, 0.66%, 0, 2, 4, 13.54, 83189, 55044
10487, 0, 2164, 2576, 2522, 444, 0.66%, 0, 2, 4, 13.32, 83268, 55046
10493, 0, 2164, 2578, 2524, 444, 0.66%, 0, 2, 4, 13.23, 83341, 55047
10498, 0, 2164, 2578, 2524, 444, 0.66%, 0, 2, 4, 13.27, 83410, 55047
10503, 0, 2164, 2578, 2524, 444, 0.66%, 0, 2, 4, 13.20, 83476, 55047
10508, 0, 2164, 2578, 2524, 444, 0.66%, 0, 2, 4, 13.37, 83545, 55047
10514, 0, 2164, 2580, 2526, 444, 0.66%, 0, 2, 4, 13.35, 83619, 55049
10519, 0, 2164, 2580, 2526, 444, 0.66%, 0, 2, 4, 13.41, 83688, 55049
10524, 0, 2164, 2580, 2526, 444, 0.66%, 0, 2, 4, 13.46, 83757, 55049
10529, 0, 2164, 2581, 2527, 444, 0.66%, 0, 2, 4, 13.43, 83824, 55049
10534, 0, 2164, 2581, 2527, 444, 0.66%, 0, 2, 4, 13.60, 83893, 55049
10539, 0, 2164, 2583, 2529, 444, 0.66%, 0, 2, 4, 13.52, 83959, 55050
10544, 0, 2164, 2583, 2529, 444, 0.66%, 0, 2, 4, 13.51, 84028, 55050
10550, 0, 2164, 2584, 2530, 444, 0.66%, 0, 2, 4, 13.43, 84097, 55050
10555, 0, 2164, 2584, 2530, 444, 0.66%, 0, 2, 4, 13.41, 84166, 55050
10560, 0, 2164, 2584, 2530, 444, 0.66%, 0, 2, 4, 13.53, 84235, 55050
10565, 0, 2164, 2584, 2530, 444, 0.66%, 0, 2, 4, 13.52, 84304, 55050
10570, 0, 2164, 2584, 2530, 444, 0.66%, 0, 2, 4, 13.54, 84373, 55050
10575, 0, 2164, 2586, 2532, 444, 0.66%, 0, 2, 4, 13.44, 84439, 55050
10581, 0, 2164, 2588, 2534, 444, 0.66%, 0, 2, 4, 13.35, 84508, 55050
10586, 0, 2164, 2588, 2534, 444, 0.66%, 0, 2, 4, 13.79, 84579, 55050
10591, 0, 1124, 2588, 2533, 448, 0.66%, 0, 2, 4, 12.53, 84640, 55050
10596, 0, 1124, 2588, 2533, 448, 0.66%, 0, 2, 4, 11.80, 84700, 55050
10602, 0, 1124, 2590, 2535, 448, 0.66%, 0, 2, 4, 12.76, 84774, 55050
10607, 0, 1124, 2591, 2536, 448, 0.66%, 0, 2, 4, 13.18, 84842, 55050
10612, 0, 1124, 2592, 2537, 448, 0.66%, 0, 2, 4, 13.44, 84916, 55050
10618, 0, 1124, 2593, 2538, 448, 0.66%, 0, 2, 4, 13.33, 84994, 55050
11623, 0, 2235, 2594, 2538, 448, 0.66%, 0, 2, 4, 0.00, 85054, 55050
12625, 0, 2235, 2594, 2538, 448, 0.66%, 0, 2, 4, 0.00, 85078, 55050
12631, 0, 2235, 2596, 2540, 448, 0.66%, 0, 2, 4, 11.64, 85150, 55050
12636, 0, 2235, 2597, 2541, 448, 0.66%, 0, 2, 4, 12.40, 85212, 55050
12641, 0, 2235, 2597, 2541, 448, 0.66%, 0, 2, 4, 13.14, 85281, 55050
13644, 0, 2235, 2597, 2541, 448, 0.66%, 0, 3, 4, 0.00, 85314, 55050
13649, 0, 2235, 2597, 2541, 448, 0.66%, 0, 3, 4, 12.26, 85385, 55050
13654, 0, 2373, 2597, 2540, 447, 0.66%, 0, 3, 4, 14.04, 85441, 55050
13659, 0, 2373, 2597, 2540, 447, 0.66%, 0, 3, 4, 13.97, 85513, 55050
13664, 0, 2373, 2597, 2540, 447, 0.66%, 0, 3, 4, 13.64, 85583, 55050
13669, 0, 2373, 2597, 2540, 447, 0.66%, 0, 3, 4, 13.67, 85652, 55050
13674, 0, 2373, 2597, 2540, 447, 0.66%, 0, 3, 4, 13.38, 85720, 55050
13679, 0, 2373, 2598, 2541, 447, 0.66%, 0, 3, 4, 13.38, 85788, 55050
13685, 0, 2445, 2598, 2540, 446, 0.66%, 0, 3, 4, 14.14, 85861, 55050
13690, 0, 2445, 2598, 2540, 446, 0.66%, 0, 3, 4, 18.10, 85958, 55050
13695, 0, 2445, 2598, 2540, 446, 0.66%, 0, 3, 4, 19.26, 86059, 55050
13700, 0, 2445, 2598, 2540, 446, 0.66%, 0, 3, 4, 15.03, 86129, 55050
13705, 0, 2445, 2599, 2541, 446, 0.66%, 0, 3, 4, 13.84, 86196, 55050
13710, 0, 2445, 2599, 2541, 446, 0.66%, 0, 3, 4, 13.66, 86264, 55050
13715, 0, 819, 2599, 2540, 445, 0.66%, 0, 3, 4, 14.53, 86337, 55050
13720, 0, 819, 2599, 2540, 445, 0.66%, 0, 3, 4, 16.22, 86421, 55050
13726, 0, 819, 2599, 2540, 445, 0.66%, 0, 3, 4, 16.68, 86509, 55050
13731, 0, 819, 2599, 2540, 445, 0.66%, 0, 3, 4, 14.27, 86578, 55050
13736, 0, 819, 2600, 2541, 445, 0.66%, 0, 3, 4, 13.56, 86648, 55050
13742, 0, 819, 2602, 2543, 445, 0.66%, 0, 3, 4, 12.64, 86719, 55050
13747, 0, 819, 2602, 2543, 445, 0.66%, 0, 3, 4, 13.21, 86788, 55050
13752, 0, 2059, 2602, 2542, 444, 0.66%, 0, 3, 4, 13.25, 86852, 55050
13757, 0, 2059, 2603, 2543, 444, 0.66%, 0, 3, 4, 13.40, 86919, 55050
13762, 0, 2059, 2604, 2544, 444, 0.66%, 0, 3, 4, 13.30, 86986, 55050
13768, 0, 2059, 2605, 2545, 444, 0.66%, 0, 3, 4, 13.13, 87056, 55050
13773, 0, 2059, 2605, 2545, 444, 0.66%, 0, 3, 4, 13.37, 87125, 55050
13778, 0, 1938, 2605, 2544, 440, 0.66%, 0, 3, 4, 12.16, 87184, 55050
13783, 0, 1938, 2605, 2544, 440, 0.66%, 0, 3, 4, 10.85, 87238, 55050
13788, 0, 1938, 2605, 2544, 440, 0.66%, 0, 3, 4, 12.78, 87307, 55050
13793, 0, 1938, 2605, 2544, 440, 0.66%, 0, 3, 4, 13.31, 87376, 55050
13799, 0, 1938, 2605, 2544, 440, 0.66%, 0, 3, 4, 13.41, 87445, 55050
13804, 0, 1938, 2605, 2544, 440, 0.66%, 0, 3, 4, 13.49, 87514, 55050
13809, 0, 1938, 2605, 2544, 440, 0.66%, 0, 3, 4, 13.53, 87583, 55050
13814, 0, 1089, 2606, 2544, 439, 0.66%, 0, 3, 4, 13.19, 87653, 55050
13820, 0, 1089, 2606, 2544, 439, 0.66%, 0, 3, 4, 13.30, 87722, 55050
13825, 0, 1089, 2606, 2544, 439, 0.66%, 0, 3, 4, 13.11, 87788, 55050
13830, 0, 1089, 2606, 2544, 439, 0.66%, 0, 3, 4, 13.37, 87857, 55050
13835, 0, 2155, 2606, 2543, 438, 0.66%, 0, 3, 4, 13.41, 87923, 55050
13840, 0, 2155, 2606, 2543, 438, 0.66%, 0, 3, 4, 13.51, 87992, 55050
13845, 0, 2155, 2606, 2543, 438, 0.66%, 0, 3, 4, 13.43, 88061, 55050
13850, 0, 2155, 2606, 2543, 438, 0.66%, 0, 3, 4, 13.34, 88130, 55050
13855, 0, 609, 2606, 2542, 437, 0.66%, 0, 3, 4, 15.49, 88211, 55050
13860, 0, 609, 2606, 2542, 437, 0.66%, 0, 3, 4, 17.27, 88303, 55050
13866, 0, 609, 2607, 2543, 437, 0.66%, 0, 3, 4, 15.33, 88381, 55050
13871, 0, 609, 2607, 2543, 437, 0.66%, 0, 3, 4, 13.84, 88450, 55050
13876, 0, 609, 2608, 2544, 437, 0.66%, 0, 3, 4, 13.02, 88510, 55050
13881, 0, 302, 2608, 2543, 437, 0.66%, 0, 3, 4, 13.23, 88576, 55050
13886, 0, 302, 2610, 2545, 437, 0.66%, 0, 3, 4, 13.71, 88645, 55050
13892, 0, 302, 2611, 2546, 437, 0.66%, 0, 3, 4, 14.03, 88717, 55050
13897, 0, 302, 2611, 2546, 437, 0.66%, 0, 3, 4, 13.97, 88787, 55050
13902, 0, 302, 2611, 2546, 437, 0.66%, 0, 3, 4, 13.45, 88856, 55050
13907, 0, 302, 2613, 2548, 437, 0.66%, 0, 3, 4, 13.36, 88922, 55051
13912, 0, 302, 2613, 2548, 437, 0.66%, 0, 3, 4, 13.16, 88987, 55051
13917, 0, 2394, 2613, 2547, 436, 0.66%, 0, 3, 4, 12.56, 89049, 55051
13922, 0, 2394, 2613, 2547, 436, 0.66%, 0, 3, 4, 11.91, 89108, 55051
13927, 0, 2394, 2613, 2547, 436, 0.66%, 0, 3, 4, 11.55, 89167, 55051
13932, 0, 2394, 2614, 2548, 436, 0.66%, 0, 3, 4, 12.32, 89230, 55051
13937, 0, 2394, 2614, 2548, 436, 0.66%, 0, 3, 4, 13.05, 89299, 55051
13943, 0, 2394, 2615, 2549, 436, 0.66%, 0, 3, 4, 13.13, 89366, 55051
13948, 0, 2394, 2618, 2552, 436, 0.66%, 0, 3, 4, 12.51, 89420, 55051
13953, 0, 2394, 2619, 2553, 436, 0.66%, 0, 3, 4, 12.17, 89476, 55051
13958, 0, 2394, 2621, 2555, 436, 0.66%, 0, 3, 4, 12.38, 89538, 55052
13963, 0, 2394, 2621, 2555, 436, 0.66%, 0, 3, 4, 12.53, 89603, 55052
13968, 0, 2394, 2622, 2556, 436, 0.66%, 0, 3, 4, 12.33, 89659, 55052
13973, 0, 2394, 2622, 2556, 436, 0.66%, 0, 3, 4, 12.52, 89722, 55052
13978, 0, 2394, 2622, 2556, 436, 0.66%, 0, 3, 4, 12.58, 89787, 55052
13983, 0, 2394, 2622, 2556, 436, 0.66%, 0, 3, 4, 12.24, 89848, 55052
13988, 0, 2394, 2622, 2556, 436, 0.66%, 0, 3, 4, 12.45, 89910, 55052
13994, 0, 2394, 2623, 2557, 436, 0.66%, 0, 3, 4, 12.46, 89973, 55052
13999, 0, 2394, 2623, 2557, 436, 0.66%, 0, 3, 4, 12.41, 90038, 55052
14004, 0, 2394, 2624, 2558, 436, 0.66%, 0, 3, 4, 12.18, 90094, 55052
14009, 0, 2394, 2624, 2558, 436, 0.66%, 0, 3, 4, 12.49, 90157, 55052
14014, 0, 2394, 2625, 2559, 436, 0.66%, 0, 3, 4, 12.42, 90216, 55052
14019, 0, 2394, 2625, 2559, 436, 0.66%, 0, 3, 4, 12.45, 90279, 55052
14024, 0, 2394, 2625, 2559, 436, 0.66%, 0, 3, 4, 12.14, 90342, 55052
14030, 0, 2394, 2626, 2560, 436, 0.66%, 0, 3, 4, 12.22, 90408, 55052
14035, 0, 2394, 2626, 2560, 436, 0.66%, 0, 3, 4, 12.38, 90470, 55052
14040, 0, 2394, 2626, 2560, 436, 0.66%, 0, 3, 4, 12.60, 90536, 55052
14045, 0, 2394, 2626, 2560, 436, 0.66%, 0, 3, 4, 12.44, 90601, 55052
14052, 0, 2394, 2627, 2561, 436, 0.66%, 0, 3, 4, 12.09, 90674, 55052
14057, 0, 2394, 2627, 2561, 436, 0.66%, 0, 3, 4, 12.44, 90739, 55052
14062, 0, 2394, 2627, 2561, 436, 0.66%, 0, 3, 4, 12.52, 90804, 55052
14067, 0, 2394, 2627, 2561, 436, 0.66%, 0, 3, 4, 12.39, 90868, 55052
14072, 0, 2394, 2627, 2561, 436, 0.66%, 0, 3, 4, 12.43, 90932, 55052
14078, 0, 2394, 2627, 2561, 436, 0.66%, 0, 3, 4, 12.33, 90995, 55052
14083, 0, 2394, 2627, 2561, 436, 0.66%, 0, 3, 4, 12.04, 91055, 55052
14089, 0, 2394, 2629, 2563, 436, 0.66%, 0, 3, 4, 11.84, 91114, 55053
14094, 0, 2394, 2631, 2565, 436, 0.66%, 0, 3, 4, 11.37, 91162, 55053
14099, 0, 2394, 2632, 2566, 436, 0.66%, 0, 3, 4, 11.36, 91219, 55053
14106, 0, 2394, 2633, 2567, 436, 0.66%, 0, 3, 4, 11.25, 91285, 55053
14111, 0, 2394, 2633, 2567, 436, 0.66%, 0, 3, 4, 11.56, 91345, 55053
14116, 0, 2394, 2633, 2567, 436, 0.66%, 0, 3, 4, 12.10, 91410, 55053
14121, 0, 2394, 2633, 2567, 436, 0.66%, 0, 3, 4, 12.12, 91472, 55053
14126, 0, 2394, 2633, 2567, 436, 0.66%, 0, 3, 4, 11.73, 91531, 55053
14132, 0, 2394, 2635, 2569, 436, 0.66%, 0, 3, 4, 11.47, 91585, 55053
14139, 0, 2394, 2635, 2569, 436, 0.66%, 0, 3, 4, 1.34, 91645, 55053
14144, 0, 2394, 2635, 2569, 436, 0.66%, 0, 3, 4, 11.54, 91706, 55053
14151, 0, 2394, 2635, 2569, 436, 0.66%, 0, 3, 4, 1.36, 91765, 55053
14156, 0, 2394, 2636, 2570, 436, 0.66%, 0, 3, 4, 12.46, 91819, 55053
14161, 0, 2394, 2636, 2570, 436, 0.66%, 0, 3, 4, 11.85, 91877, 55053
14166, 0, 2394, 2636, 2570, 436, 0.66%, 0, 3, 4, 13.57, 91914, 55053
14171, 0, 2394, 2636, 2570, 436, 0.66%, 0, 3, 4, 12.19, 91974, 55053
14176, 0, 2394, 2636, 2570, 436, 0.66%, 0, 3, 4, 11.16, 92029, 55053
14182, 0, 2394, 2636, 2570, 436, 0.66%, 0, 3, 4, 11.19, 92088, 55053
14187, 0, 2394, 2637, 2571, 436, 0.66%, 0, 3, 4, 10.71, 92145, 55053
14192, 0, 2394, 2637, 2571, 436, 0.66%, 0, 3, 4, 12.04, 92207, 55053
14197, 0, 2394, 2637, 2571, 436, 0.66%, 0, 3, 4, 11.75, 92266, 55053
14203, 0, 2394, 2638, 2572, 436, 0.66%, 0, 3, 4, 11.44, 92323, 55053
14208, 0, 2394, 2638, 2572, 436, 0.66%, 0, 3, 4, 11.91, 92385, 55053
14213, 0, 2394, 2638, 2572, 436, 0.66%, 0, 3, 4, 11.73, 92444, 55053
14219, 0, 2394, 2639, 2573, 436, 0.66%, 0, 3, 4, 0.47, 92494, 55054
14225, 0, 2394, 2640, 2574, 436, 0.66%, 0, 3, 4, 10.85, 92531, 55054
14231, 0, 2394, 2641, 2575, 436, 0.66%, 0, 3, 4, 11.19, 92593, 55054
14236, 0, 2394, 2641, 2575, 436, 0.66%, 0, 3, 4, 12.00, 92654, 55054
14242, 0, 2394, 2643, 2577, 436, 0.66%, 0, 3, 4, 11.18, 92713, 55055
14248, 0, 2394, 2643, 2577, 436, 0.66%, 0, 3, 4, 11.45, 92773, 55055
14253, 0, 199, 2643, 2576, 441, 0.66%, 0, 3, 4, 11.34, 92822, 55055
14258, 0, 199, 2643, 2576, 441, 0.66%, 0, 3, 4, 12.39, 92886, 55055
14263, 0, 199, 2643, 2576, 441, 0.66%, 0, 3, 4, 12.69, 92950, 55055
14268, 0, 199, 2643, 2576, 441, 0.66%, 0, 3, 4, 13.04, 93017, 55055
14273, 0, 199, 2643, 2576, 441, 0.66%, 0, 3, 4, 12.75, 93084, 55055
14278, 0, 199, 2645, 2578, 441, 0.66%, 0, 3, 4, 13.07, 93147, 55056
14284, 0, 199, 2647, 2580, 441, 0.66%, 0, 3, 4, 12.73, 93203, 55056
14289, 0, 199, 2649, 2582, 441, 0.66%, 0, 3, 4, 12.41, 93259, 55058
14295, 0, 199, 2652, 2585, 441, 0.66%, 0, 3, 4, 12.39, 93330, 55058
14300, 0, 199, 2654, 2587, 441, 0.66%, 0, 3, 4, 12.27, 93389, 55058
14306, 0, 199, 2655, 2588, 441, 0.66%, 0, 3, 4, 12.64, 93453, 55059
14311, 0, 199, 2657, 2590, 441, 0.66%, 0, 3, 4, 12.59, 93510, 55060
14316, 0, 199, 2658, 2591, 441, 0.66%, 0, 3, 4, 13.00, 93572, 55060
14321, 0, 199, 2659, 2592, 441, 0.66%, 0, 3, 4, 12.81, 93632, 55060
14326, 0, 199, 2660, 2593, 441, 0.66%, 0, 3, 4, 12.75, 93693, 55060
14331, 0, 199, 2660, 2593, 441, 0.66%, 0, 3, 4, 12.83, 93757, 55060
14336, 0, 199, 2661, 2594, 441, 0.66%, 0, 3, 4, 12.63, 93819, 55060
14341, 0, 199, 2661, 2594, 441, 0.66%, 0, 3, 4, 12.46, 93882, 55060
14346, 0, 199, 2661, 2594, 441, 0.66%, 0, 3, 4, 12.53, 93947, 55060
14352, 0, 199, 2661, 2594, 441, 0.66%, 0, 3, 4, 12.65, 94013, 55060
14357, 0, 199, 2661, 2594, 441, 0.66%, 0, 3, 4, 12.76, 94078, 55060
14362, 0, 199, 2662, 2595, 441, 0.66%, 0, 3, 4, 12.56, 94148, 55060
14368, 0, 199, 2663, 2596, 441, 0.66%, 0, 3, 4, 12.38, 94207, 55060
14373, 0, 199, 2663, 2596, 441, 0.66%, 0, 3, 4, 12.82, 94274, 55060
14379, 0, 199, 2665, 2598, 441, 0.66%, 0, 3, 4, 12.58, 94344, 55060
14384, 0, 199, 2666, 2599, 441, 0.66%, 0, 3, 4, 12.47, 94385, 55062
14390, 0, 199, 2668, 2601, 441, 0.66%, 0, 3, 4, 12.05, 94438, 55062
14395, 0, 199, 2669, 2602, 441, 0.66%, 0, 3, 4, 11.71, 94493, 55062
14400, 0, 199, 2671, 2604, 441, 0.66%, 0, 3, 4, 12.03, 94554, 55062
14405, 0, 199, 2671, 2604, 441, 0.66%, 0, 3, 4, 12.49, 94615, 55062
14410, 0, 199, 2671, 2604, 441, 0.66%, 0, 3, 4, 12.12, 94673, 55062
14416, 0, 199, 2672, 2605, 441, 0.66%, 0, 3, 4, 11.56, 94710, 55062
14421, 0, 199, 2672, 2605, 441, 0.66%, 0, 3, 4, 12.12, 94771, 55062
14426, 0, 199, 2672, 2605, 441, 0.66%, 0, 3, 4, 12.37, 94833, 55062
14431, 0, 199, 2673, 2606, 441, 0.66%, 0, 3, 4, 11.66, 94871, 55062
14436, 0, 199, 2673, 2606, 441, 0.66%, 0, 3, 4, 12.90, 94939, 55062
14441, 0, 199, 2673, 2606, 441, 0.66%, 0, 3, 4, 12.48, 95001, 55062
14447, 0, 199, 2673, 2606, 441, 0.66%, 0, 3, 4, 12.55, 95063, 55062
14452, 0, 199, 2673, 2606, 441, 0.66%, 0, 3, 4, 12.10, 95121, 55062
14457, 0, 199, 2673, 2606, 441, 0.66%, 0, 3, 4, 12.74, 95186, 55062
14462, 0, 199, 2674, 2607, 441, 0.66%, 0, 3, 4, 12.97, 95253, 55062
14468, 0, 199, 2675, 2608, 441, 0.66%, 0, 3, 4, 13.09, 95327, 55062
14474, 0, 199, 2677, 2610, 441, 0.66%, 0, 3, 4, 13.43, 95404, 55062
14479, 0, 199, 2679, 2612, 441, 0.66%, 0, 3, 4, 13.63, 95464, 55062
14484, 0, 199, 2679, 2612, 441, 0.66%, 0, 3, 4, 13.85, 95537, 55062
14489, 0, 2593, 2680, 2612, 447, 0.66%, 0, 3, 4, 17.34, 95606, 55062
14494, 0, 2593, 2680, 2612, 447, 0.66%, 0, 3, 4, 16.31, 95690, 55062
14499, 0, 2593, 2681, 2613, 447, 0.66%, 0, 3, 4, 17.32, 95771, 55065
14505, 0, 2593, 2681, 2613, 447, 0.66%, 0, 3, 4, 14.61, 95842, 55065
14510, 0, 2593, 2681, 2613, 447, 0.66%, 0, 3, 4, 13.69, 95911, 55065
14512, 0, 2593, 2681, 2613, 447, 0.66%, 0, 3, 4, 13.20, 95948, 55065

